date,Area1_daily_max_MW,Area1_daily_min_MW,Area1_peak_valley_MW,Area1_load_factor,Area1_daily_mean_MW,Area2_daily_max_MW,Area2_daily_min_MW,Area2_peak_valley_MW,Area2_load_factor,Area2_daily_mean_MW
20140101,4454.578720,3054.560320,1400.018400,0.80485074,3585.270994,6765.535510,3748.481751,3017.053759,0.75947060,5138.225299
20140102,8035.438720,2469.126208,5566.312512,0.72005713,5785.974969,8464.700806,3278.474750,5186.226056,0.73628361,6232.420477
20140103,8421.060640,4387.608928,4033.451712,0.78671200,6624.949450,8642.119917,4141.438257,4500.681660,0.77570566,6703.741343
20140104,8391.353152,4469.639680,3921.713472,0.78131641,6556.301895,8350.459638,4269.594754,4080.864884,0.78449930,6550.929709
20140105,7412.725984,4414.332832,2998.393152,0.80158613,5941.938302,7972.794309,4137.532746,3835.261563,0.78433609,6253.350333
20140106,8400.503104,4110.038560,4290.464544,0.77620477,6520.510573,8729.255017,4042.420172,4686.834845,0.76258499,6656.798834
20140107,8481.449728,4518.522784,3962.926944,0.79047796,6704.399090,8695.937845,4205.924827,4490.013018,0.77852225,6769.981114
20140108,8546.520640,4548.341920,3998.178720,0.78882995,6741.751450,8759.741826,4331.371629,4428.370197,0.77870728,6821.274706
20140109,8498.717536,4544.301280,3954.416256,0.79095068,6722.066415,8862.603536,4375.445616,4487.157920,0.77514427,6869.796354
20140110,8524.777216,4544.385184,3980.392032,0.78606621,6701.039318,8637.344704,4401.269441,4236.075263,0.78457906,6776.679827
20140111,8268.334336,4512.001984,3756.332352,0.77940133,6444.350792,8157.456119,4233.863931,3923.592188,0.79232528,6463.358681
20140112,7050.654016,4252.012672,2798.641344,0.80518419,5677.075115,7883.878289,4113.791899,3770.086390,0.77239324,6089.454328
20140113,8291.092192,3932.942944,4358.149248,0.77049309,6388.229233,8705.490987,3970.219095,4735.271892,0.76399332,6650.937003
20140114,8275.208128,4428.933952,3846.274176,0.78964923,6534.511743,8612.529194,4272.707969,4339.821225,0.77695969,6691.587991
20140115,8210.692192,4383.656896,3827.035296,0.78604017,6453.933906,8300.758487,4227.657968,4073.100519,0.79082566,6564.452797
20140116,8037.446848,4311.656416,3725.790432,0.78814153,6334.645663,8173.567237,4112.434384,4061.132853,0.78613379,6425.517366
20140117,7870.763584,4241.474656,3629.288928,0.78527057,6180.678994,7961.160905,4048.432911,3912.727994,0.79168520,6302.733226
20140118,7519.492192,4158.366208,3361.125984,0.78034144,5867.771364,7487.698182,3941.485173,3546.213009,0.79637094,5962.985256
20140119,6528.140320,3863.853664,2664.286656,0.80175720,5233.983482,7084.100970,3847.733412,3236.367558,0.79329547,5619.785215
20140120,7062.885184,3579.056128,3483.829056,0.77635841,5483.330319,7504.964861,3665.474001,3839.490860,0.77402965,5809.065331
20140121,6811.230112,3705.961120,3105.268992,0.78469368,5344.729226,7341.719293,3705.937842,3635.781451,0.77995923,5726.241729
20140122,6373.923424,3534.133792,2839.789632,0.79400162,5060.905496,7037.511094,3590.186966,3447.324128,0.78216796,5504.515680
20140123,5854.319200,3386.210560,2468.108640,0.80305010,4701.311610,6773.017023,3505.024749,3267.992274,0.78291242,5302.679124
20140124,5166.126208,3127.138240,2038.987968,0.81259651,4197.976125,6482.204621,3414.648297,3067.556324,0.77747210,5039.733241
20140125,4322.364544,2772.006976,1550.357568,0.83426443,3605.994998,5934.384802,3152.332361,2782.052441,0.76849522,4560.546362
20140126,3739.162432,2448.938560,1290.223872,0.83631539,3127.119079,5532.934588,2931.582380,2601.352208,0.77327741,4278.493306
20140127,3527.447488,2211.010912,1316.436576,0.81725814,2882.835188,5138.067376,2678.246122,2459.821254,0.76310459,3920.882773
20140128,3169.903744,2073.782464,1096.121280,0.82233102,2606.710186,4826.422187,2476.743754,2349.678433,0.75812719,3659.041904
20140129,2772.749248,1861.146016,911.603232,0.82123107,2277.067833,4498.243833,2279.722883,2218.520950,0.74621910,3356.675444
20140130,2315.095936,1584.764032,730.331904,0.83699461,1937.722830,3907.604819,2126.590535,1781.014284,0.80444168,3143.440176
20140131,2242.059328,1396.797952,845.261376,0.76947036,1725.198189,3770.624329,2020.138467,1750.485862,0.75468070,2845.617420
20140201,2273.788768,1351.870624,921.918144,0.76572560,1741.098273,3763.699499,2002.987509,1760.711990,0.75830171,2854.019776
20140202,2361.377248,1363.981792,997.395456,0.75495903,1782.743087,3943.923462,2000.132508,1943.790954,0.73166047,2885.612898
20140203,2608.204576,1445.274880,1162.929696,0.75457705,1968.091327,4094.368619,2029.058199,2065.310420,0.72806179,2980.953352
20140204,2818.592224,1655.766496,1162.825728,0.77073315,2172.382475,4234.697549,2142.497759,2092.199790,0.74073473,3136.787555
20140205,3244.460320,1755.399040,1489.061280,0.76743217,2489.903239,4540.921990,2222.930062,2317.991928,0.72641641,3298.600261
20140206,3568.058560,1972.236256,1595.822304,0.77562847,2767.487792,4880.582040,2371.442591,2509.139449,0.73135398,3569.433117
20140207,4225.943104,2233.239040,1992.704064,0.79466866,3358.224526,5512.795642,2576.435892,2936.359750,0.75351188,4153.956989
20140208,4738.114336,2527.413664,2210.700672,0.79348839,3759.638702,5968.837747,2843.931143,3124.906604,0.74832292,4466.618090
20140209,4835.138560,2730.661600,2104.476960,0.80571664,3895.751599,6349.004318,3023.736842,3325.267476,0.74442017,4726.326892
20140210,6279.612832,2816.195584,3463.417248,0.75381919,4733.692637,7198.081596,3234.110539,3963.971057,0.75275154,5418.367036
20140211,6793.066048,3335.581312,3457.484736,0.76875268,5222.187711,7633.835181,3557.895375,4075.939806,0.76682422,5853.809711
20140212,7195.609888,3544.488928,3651.120960,0.76749633,5522.604149,8079.067994,3769.920206,4309.147788,0.76361963,6169.334909
20140213,7493.590048,3704.964544,3788.625504,0.76748437,5751.213260,8281.762007,4018.271052,4263.490955,0.77420771,6411.804000
20140214,7221.450112,3812.745664,3408.704448,0.75493165,5451.701254,7349.483076,4032.137590,3317.345486,0.82771684,6083.290872
20140215,7399.296256,3687.573184,3711.723072,0.76239272,5641.169570,7865.095888,3887.714581,3977.381307,0.77791814,6118.400791
20140216,6262.103584,3686.623072,2575.480512,0.79966142,5007.562659,7486.767467,3897.862236,3588.905231,0.78242871,5857.861849
20140217,7638.410272,3421.882432,4216.527840,0.75526577,5769.029840,8129.250362,3741.659256,4387.591106,0.77132007,6270.253967
20140218,8026.886848,4006.710112,4020.176736,0.76765408,6161.872433,8624.854111,3984.315814,4640.538297,0.76876803,6630.512131
20140219,8246.173792,4160.906368,4085.267424,0.77349707,6378.391288,8957.430542,4269.708438,4687.722104,0.77168860,6912.347031
20140220,8251.574656,4286.128288,3965.446368,0.77555828,6399.577050,8572.480707,4364.196332,4208.284375,0.78924957,6765.826692
20140221,8326.461280,4249.769728,4076.691552,0.77326865,6438.591467,8386.100542,4250.704392,4135.396150,0.79427530,6660.872523
20140222,8126.369728,4329.007168,3797.362560,0.77272756,6279.469887,8145.558487,4119.235345,4026.323142,0.79434577,6470.389930
20140223,6643.143424,4089.553312,2553.590112,0.80541712,5350.501435,7528.932106,4005.752911,3523.179195,0.79019548,5949.328126
20140224,8233.283104,3743.719840,4489.563264,0.75923874,6251.027458,8408.755280,3777.365538,4631.389742,0.76854425,6462.500501
20140225,8356.948768,4373.581120,3983.367648,0.78093343,6526.220659,8533.955411,4169.199754,4364.755657,0.77804317,6639.785737
20140226,8434.630048,4398.453472,4036.176576,0.77788429,6561.166242,8699.571562,4156.708191,4542.863371,0.76835963,6684.399545
20140227,8486.443744,4480.610272,4005.833472,0.78139446,6631.260094,8535.362105,4211.335099,4324.027006,0.78105027,6666.546912
20140228,8435.266528,4508.931232,3926.335296,0.77307632,6521.104833,8227.439194,4154.408224,4073.030970,0.79676820,6555.361954
20140301,7916.575936,4281.351232,3635.224704,0.77356309,6123.970933,7899.142500,4012.695880,3886.446620,0.78582496,6207.343337
20140302,6283.750432,4073.148928,2210.601504,0.82458164,5181.465239,7445.670313,3844.135876,3601.534437,0.78367540,5834.988651
20140303,8489.124064,3645.530752,4843.593312,0.74944282,6362.113070,8630.876744,3843.433014,4787.443730,0.76699940,6619.877310
20140304,8650.005664,4523.150272,4126.855392,0.77972761,6744.648211,8742.322566,4225.942426,4516.380140,0.78248932,6840.774057
20140305,8671.084384,4618.593952,4052.490432,0.78302737,6789.696400,8638.477664,4292.714704,4345.762960,0.78882868,6814.278930
20140306,8722.522144,4648.965184,4073.556960,0.78370451,6835.879973,8734.903618,4292.314482,4442.589136,0.78699949,6874.364685
20140307,8806.289728,4679.208928,4127.080800,0.77951411,6864.627099,8762.114737,4326.743371,4435.371366,0.79019365,6923.767443
20140308,8486.447488,4629.935296,3856.512192,0.77575086,6583.368956,8316.853503,4356.174917,3960.678586,0.80755272,6716.297658
20140309,6948.262624,4392.547168,2555.715456,0.81467570,5660.580701,8073.643948,4227.477936,3846.166012,0.78434107,6332.490500
20140310,8786.989408,3975.628288,4811.361120,0.75905017,6669.765785,9056.537188,4093.939588,4962.597600,0.76992599,6972.863349
20140311,8859.755296,4708.738240,4151.017056,0.78421279,6947.933401,9021.452385,4493.005542,4528.446843,0.79067299,7133.018688
20140312,8942.209408,4743.033952,4199.175456,0.78294852,7001.289644,9183.609128,4455.170789,4728.438339,0.78268154,7187.841356
20140313,8867.327488,4768.422784,4098.904704,0.78579026,6967.859548,8943.986924,4526.032393,4417.954531,0.78459581,7017.414692
20140314,8855.770048,4756.741600,4099.028448,0.78591704,6959.900563,8718.607812,4399.722582,4318.885230,0.79549596,6935.617277
20140315,8639.177536,4768.850272,3870.327264,0.77711371,6713.623323,8184.108421,4384.264177,3799.844244,0.81176626,6643.583125
20140316,6628.163584,4419.459520,2208.704064,0.82681154,5480.242138,7602.806530,4153.534836,3449.271694,0.79699407,6059.391748
20140317,8777.256256,3846.498016,4930.758240,0.75539499,6630.295415,8994.639063,3926.282072,5068.356991,0.75420590,6783.809816
20140318,8969.029408,4815.788608,4153.240800,0.78690930,7057.812663,8986.855395,4444.766472,4542.088923,0.78476568,7052.575725
20140319,9020.151232,4892.204704,4127.946528,0.78935224,7120.076610,8991.564260,4542.507746,4449.056514,0.78982093,7101.725602
20140320,9217.942144,4950.636256,4267.305888,0.77780703,7169.780189,8996.515625,4504.932953,4491.582672,0.79069649,7113.513356
20140321,8886.791872,4881.594016,4005.197856,0.78988076,7019.505936,8745.971415,4436.368988,4309.602427,0.79373921,6942.020424
20140322,8508.785344,4845.589888,3663.195456,0.78849864,6709.165670,8443.816415,4406.964408,4036.852007,0.79329277,6698.418482
20140323,6797.730112,4515.483424,2282.246688,0.82733012,5623.966837,7750.129063,4293.689457,3456.439606,0.79816229,6185.860723
20140324,8772.533152,3993.926848,4778.606304,0.76239073,6688.097973,8950.344013,4096.664318,4853.679695,0.76770917,6871.261215
20140325,8984.940640,4850.103424,4134.837216,0.78740281,7074.767480,9201.645987,4506.241192,4695.404795,0.77722506,7151.749843
20140326,9105.078400,4914.362944,4190.715456,0.78619837,7158.397779,9164.492368,4574.736093,4589.756275,0.79007544,7240.640309
20140327,9218.425024,4955.427808,4262.997216,0.78467542,7233.471502,9244.599721,4663.584795,4581.014926,0.78834349,7287.920019
20140328,9276.102784,5033.821984,4242.280800,0.78564784,7287.750155,9258.678980,4754.773816,4503.905164,0.79688373,7378.090664
20140329,8974.684384,5021.182624,3953.501760,0.76969729,6907.790234,8757.751677,4667.305715,4090.445962,0.80038004,7009.529641
20140330,6870.969088,4368.150592,2502.818496,0.81743823,5616.592823,7895.529638,4279.682657,3615.846981,0.80203159,6332.464188
20140331,8395.684384,3756.245536,4639.438848,0.75133328,6307.957071,8530.334013,4023.360642,4506.973371,0.77892682,6644.505978
20140401,8710.562464,4487.429728,4223.132736,0.77462559,6747.424551,8637.615625,4322.046825,4315.568800,0.79100436,6832.391648
20140402,8925.363424,4656.014656,4269.348768,0.77485653,6915.876147,8837.119211,4358.848528,4478.270683,0.78912966,6973.632843
20140403,8893.529728,4756.444384,4137.085344,0.78350348,6968.111514,8875.359424,4496.906785,4378.452639,0.79355557,7043.090947
20140404,8677.266208,4794.100960,3883.165248,0.77238717,6702.209074,8579.675197,4591.106201,3988.568996,0.78933655,6772.251212
20140405,5105.030272,3281.321440,1823.708832,0.77405157,3951.556712,6482.231587,3989.429169,2492.802418,0.81012167,5251.396280
20140406,5762.720320,2566.772032,3195.948288,0.76978764,4436.070888,7267.808882,3558.694170,3709.114712,0.76913548,5589.929669
20140407,8222.567488,3522.892384,4699.675104,0.74832556,6153.157407,8383.155428,3925.697550,4457.457878,0.76774961,6436.164283
20140408,8900.337856,4585.813792,4314.524064,0.78068528,6948.362707,8915.721415,4338.158816,4577.562599,0.78502647,6999.077271
20140409,9184.004704,4845.730432,4338.274272,0.78260898,7187.484563,9157.727006,4597.640024,4560.086982,0.79450762,7275.883899
20140410,9180.878080,5027.365984,4153.512096,0.78911736,7244.790308,9136.335790,4730.808996,4405.526794,0.80404926,7346.064039
20140411,8734.273792,5062.290592,3671.983200,0.79386196,6933.807754,9329.645247,4751.306842,4578.338405,0.79555371,7422.233912
20140412,9082.616896,4983.842464,4098.774432,0.78198478,7102.468191,8970.899671,4791.382780,4179.516891,0.80819201,7250.209392
20140413,7684.008448,4936.813792,2747.194656,0.82350109,6327.789360,8679.774638,4716.050058,3963.724580,0.80302222,6970.051914
20140414,9472.905664,4616.212192,4856.693472,0.76535960,7250.179320,9774.574935,4938.673109,4835.901826,0.78686632,7691.283818
20140415,9190.604704,5143.387648,4047.217056,0.79212940,7280.148227,9388.374770,4929.348693,4459.026077,0.79752008,7487.417353
20140416,9346.288768,5097.333472,4248.955296,0.78286191,7316.853505,9241.158355,4814.638142,4426.520213,0.80734653,7460.817122
20140417,9645.761920,5139.495136,4506.266784,0.77719342,7496.622674,9816.556826,4853.204663,4963.352163,0.78480014,7704.035130
20140418,9813.578080,5285.087488,4528.490592,0.77855081,7640.369176,9943.827713,5009.205592,4934.622121,0.78879626,7843.654097
20140419,9409.106848,5312.789728,4096.317120,0.78660354,7401.236734,9346.405198,5084.940864,4261.464334,0.81188735,7588.228161
20140420,7559.821600,5077.397536,2482.424064,0.83495738,6312.128823,8595.941612,5088.771588,3507.170024,0.82441242,7086.601047
20140421,9788.332192,4582.460800,5205.871392,0.75817317,7421.250803,10226.813767,4898.503372,5328.310395,0.77582830,7934.251565
20140422,9833.003104,5395.470592,4437.532512,0.78455793,7714.560524,9977.771990,5225.052417,4752.719573,0.78896322,7872.095092
20140423,9432.568768,5390.667328,4041.901440,0.79402297,7489.676223,9464.343618,4995.522772,4468.820846,0.80076444,7578.709832
20140424,9526.597216,5244.063904,4282.533312,0.78567517,7484.810910,9572.580098,4917.131834,4655.448264,0.78983590,7560.767380
20140425,9768.308128,5278.571872,4489.736256,0.77805684,7600.298933,9662.276677,4979.568018,4682.708659,0.80094798,7738.980996
20140426,9479.668768,5369.151712,4110.517056,0.77168391,7315.307834,9507.064358,5057.024458,4450.039900,0.77372876,7355.889121
20140427,7976.902624,4995.121600,2981.781024,0.81089450,6468.426464,8489.522912,4787.137672,3702.385240,0.81311591,6902.966175
20140428,9565.324384,4652.985664,4912.338720,0.76078813,7277.185273,9487.048602,4589.914071,4897.134531,0.78871239,7482.552815
20140429,9516.270592,5292.985984,4223.284608,0.78568319,7476.773830,9529.720066,5021.608594,4508.111472,0.79522654,7578.286301
20140430,8788.641280,5056.815136,3731.826144,0.76647016,6736.231291,8722.776678,4647.866333,4074.910345,0.77652865,6773.485980
20140501,4871.148448,3028.529440,1842.619008,0.74829720,3645.066755,6295.650535,3800.530690,2495.119845,0.79128101,4981.628738
20140502,6321.967168,2418.670240,3903.296928,0.74131935,4686.596600,7481.089087,3277.799824,4203.289263,0.74696176,5588.087449
20140503,8128.562464,3812.498560,4316.063904,0.75806833,6162.005808,8421.884424,4020.700320,4401.184104,0.78330735,6596.923965
20140504,8488.226848,4598.966848,3889.260000,0.77959011,6617.337698,8996.773257,4579.802985,4416.970272,0.79079635,7114.615483
20140505,9107.141920,4718.913472,4388.228448,0.77368629,7046.070866,8946.797402,4587.635929,4359.161473,0.78818591,7051.739626
20140506,9098.774656,4964.923744,4133.850912,0.78355952,7129.431509,8898.831678,4575.716957,4323.114721,0.79718119,7093.981243
20140507,9090.221920,4963.538560,4126.683360,0.78714489,7155.321692,8973.903470,4636.230213,4337.673257,0.79861740,7166.715462
20140508,9324.657856,5007.484864,4317.172992,0.77721943,7247.305253,9141.212368,4662.304589,4478.907779,0.79470401,7264.558106
20140509,9244.729408,4981.709248,4263.020160,0.78160451,7225.722176,9330.845428,4701.021266,4629.824162,0.78310550,7307.036354
20140510,9011.378080,4995.826528,4015.551552,0.78160134,7043.305198,8803.298027,4722.637813,4080.660214,0.80687068,7103.123054
20140511,7258.962304,4732.896256,2526.066048,0.81570640,5921.182030,8145.548981,4681.537846,3464.011135,0.81869331,6668.706434
20140512,9353.224384,4123.791232,5229.433152,0.74595684,6977.101715,9492.486810,4536.172385,4956.314425,0.78890652,7488.684758
20140513,10079.062144,5211.021760,4868.040384,0.76769939,7737.689876,10665.212154,5058.228907,5606.983247,0.77360637,8250.676035
20140514,10447.502464,5474.380000,4973.122464,0.77530756,8100.027687,11043.084869,5565.759679,5477.325190,0.78935444,8716.908038
20140515,10627.072192,5811.040960,4816.031232,0.78377032,8329.183738,11301.407994,5965.046793,5336.361201,0.79264919,8958.051883
20140516,10778.977216,5900.667808,4878.309408,0.77119122,8312.652642,11648.599803,6007.942812,5640.656991,0.75862102,8836.872680
20140517,10176.809728,5553.763264,4623.046464,0.77055546,7841.796294,10480.650642,5771.943364,4708.707278,0.79111068,8291.354643
20140518,7801.870048,5144.233792,2657.636256,0.81750136,6378.039359,9141.814835,5352.405172,3789.409663,0.80865470,7392.571507
20140519,10395.805984,4487.940640,5907.865344,0.74020466,7695.024018,10745.601777,4990.349277,5755.252500,0.77210852,8296.770633
20140520,10438.706848,5493.087328,4945.619520,0.76007291,7934.178277,10816.379573,5546.526422,5269.853151,0.78453905,8485.872191
20140521,10419.394336,5427.289888,4992.104448,0.76725836,7994.367450,10571.127780,5524.070049,5047.057731,0.79931564,8449.667721
20140522,10588.039360,5727.390112,4860.649248,0.76904869,8142.717830,11111.261513,5710.032047,5401.229466,0.76521096,8502.459053
20140523,10092.940000,5528.608768,4564.331232,0.77378576,7809.773260,10393.976777,5343.255453,5050.721324,0.78359375,8144.655192
20140524,10016.677216,5405.656576,4611.020640,0.77397585,7752.666280,9983.401579,5369.344573,4614.057006,0.80564644,8043.091896
20140525,8384.347168,5447.268448,2937.078720,0.82985985,6957.833067,9528.577697,5607.264621,3921.313076,0.84100614,8013.592383
20140526,11028.272512,5273.980000,5754.292512,0.76315664,8416.299367,11703.431381,5753.679137,5949.752244,0.78511944,9188.591476
20140527,11303.090272,6322.930912,4980.159360,0.78870291,8914.780168,11949.853964,6483.463972,5466.389992,0.81118814,9693.579865
20140528,11446.854016,6446.249728,5000.604288,0.79275054,9074.499706,12267.929671,6712.107328,5555.822343,0.80546354,9881.370122
20140529,11438.706208,6643.212832,4795.493376,0.79595897,9104.740853,12403.072302,7034.589260,5368.483042,0.79917112,9912.177160
20140530,11410.881280,6538.951072,4871.930208,0.79189881,9036.263311,12216.965871,6850.623134,5366.342737,0.80875415,9880.521841
20140531,10464.719680,6441.498880,4023.220800,0.80076511,8379.782418,10861.512994,6835.835872,4025.677122,0.85180119,9251.849738
20140601,7429.777696,5669.739520,1760.038176,0.89053514,6616.478130,9509.148306,6641.469309,2867.678997,0.89288316,8490.558377
20140602,6020.841760,4411.769248,1609.072512,0.85684570,5158.932387,9457.709885,6248.401932,3209.307953,0.83438904,7891.409480
20140603,11047.105024,4421.425024,6625.680000,0.71704646,7921.287529,11627.919112,6388.707582,5239.211530,0.79898088,9290.485044
20140604,11381.346208,6045.184864,5336.161344,0.77907139,8866.881193,12199.821315,6510.061760,5689.759555,0.81043325,9887.140850
20140605,11512.152832,6634.985344,4877.167488,0.79333143,9132.952716,12602.270823,7292.302837,5309.967986,0.80433519,10136.449907
20140606,11074.570048,6310.619200,4763.950848,0.77671067,8601.736753,11829.035905,6585.211637,5243.824268,0.77712651,9192.657410
20140607,10410.746848,6011.516416,4399.230432,0.79053239,8230.032623,10644.345708,6206.434688,4437.911020,0.81182400,8641.335332
20140608,8809.465024,5810.220640,2999.244384,0.83765303,7379.275072,10085.194737,6075.408931,4009.785806,0.84334258,8505.274199
20140609,11242.483744,5548.287328,5694.196416,0.76611273,8613.009913,11945.955049,6459.575394,5486.379655,0.81219611,9702.458266
20140610,11216.948128,6352.387168,4864.560960,0.79231928,8887.404316,11965.621217,6885.836365,5079.784852,0.81821728,9790.478084
20140611,10909.721920,6435.121120,4474.600800,0.79805608,8706.569960,11566.842286,6718.840971,4848.001315,0.80026816,9256.575557
20140612,10792.825024,6195.618400,4597.206624,0.79181964,8545.970843,11422.766925,6210.760888,5212.006037,0.81022335,9254.992520
20140613,11022.499360,6164.839360,4857.660000,0.78982796,8705.878129,11904.200526,6549.139762,5355.060764,0.80422049,9573.602009
20140614,10749.228448,6346.202464,4403.025984,0.79734733,8570.868656,11161.219326,6767.057731,4394.161595,0.84903722,9476.290656
20140615,8140.544704,6089.043904,2051.500800,0.88940828,7240.267850,10687.067418,7287.653627,3399.413791,0.87431005,9343.810411
20140616,11740.916896,5665.360960,6075.555936,0.76206709,8947.366362,13133.570378,7570.958035,5562.612343,0.83394903,10952.728215
20140617,11633.611552,6942.007168,4691.604384,0.80839055,9404.501649,13362.511233,8214.718323,5147.792910,0.81015877,10825.755619
20140618,11630.796256,6658.287808,4972.508448,0.80013251,9306.178235,13089.044177,7466.509696,5622.534481,0.80914339,10590.913556
20140619,11740.496896,6883.744864,4856.752032,0.80303581,9428.039422,13018.221858,7799.821193,5218.400665,0.81985261,10673.023116
20140620,11697.428128,6848.054656,4849.373472,0.79723908,9325.646877,12844.154194,7632.809309,5211.344885,0.81271798,10438.675106
20140621,10982.565664,6620.135296,4362.430368,0.79965644,8782.279329,11165.201661,7058.376958,4106.824703,0.84102561,9390.220554
20140622,8573.687488,6007.914496,2565.772992,0.84688628,7260.938270,9937.591777,6366.264498,3571.327279,0.84891127,8436.133634
20140623,11208.876256,5461.186528,5747.689728,0.76400887,8563.680924,12111.068158,6232.794244,5878.273914,0.77542590,9391.235920
20140624,11043.536896,6136.384384,4907.152512,0.78998820,8724.263828,11980.856037,6289.655838,5691.200199,0.79090094,9475.670248
20140625,11186.269408,6295.525504,4890.743904,0.79203395,8859.905160,11900.624621,6669.562352,5231.062269,0.80397047,9567.750819
20140626,11615.302144,6401.811232,5213.490912,0.78815095,9154.611471,12450.722582,6742.332722,5708.389860,0.81332004,10126.422180
20140627,11682.457216,6725.954656,4956.502560,0.79923888,9337.074075,12813.097122,7308.622311,5504.474811,0.82785769,10607.420965
20140628,11222.603104,6824.812192,4397.790912,0.80704954,9057.196723,12082.947664,7722.016135,4360.931529,0.85709643,10356.251360
20140629,8786.334016,6349.618240,2436.715776,0.86603728,7609.292850,10771.912154,7580.615937,3191.296217,0.89740781,9666.798058
20140630,11042.411872,5674.098016,5368.313856,0.77636613,8572.954610,12763.522944,7252.474540,5511.048404,0.81410741,10390.878647
20140701,11012.050048,6335.672992,4676.377056,0.80179128,8829.365741,12269.233060,7509.853273,4759.379787,0.82959632,10178.510541
20140702,11736.259360,6426.434656,5309.824704,0.78488006,9211.555990,12734.556513,7198.616842,5535.939671,0.80962248,10310.183228
20140703,11860.913152,6858.550912,5002.362240,0.80053655,9495.094479,12724.616826,7283.680313,5440.936513,0.82634644,10514.941876
20140704,11964.580000,7009.982464,4954.597536,0.80211747,9596.998652,13103.815822,7653.079787,5450.736035,0.82669568,10832.867877
20140705,11495.411872,7149.414016,4345.997856,0.81085302,9321.089482,12122.099095,7909.240394,4212.858701,0.86604847,10498.325401
20140706,8947.781920,6729.688768,2218.093152,0.88866275,7951.560522,11359.445131,7965.293881,3394.151250,0.88366067,10037.894934
20140707,11926.936576,6263.542144,5663.394432,0.78465365,9358.514272,13452.500461,7869.745098,5582.755363,0.82161337,11052.754198
20140708,12069.315616,7262.853472,4806.462144,0.79801607,9631.507781,13258.295888,8160.783898,5097.511990,0.81576630,10815.670916
20140709,12060.300640,6772.758400,5287.542240,0.79466058,9583.845516,13046.987402,7137.018059,5909.969343,0.81157112,10588.558241
20140710,11998.928128,7283.992192,4714.935936,0.81281529,9752.912236,13486.766875,8081.985560,5404.781315,0.81715442,11020.771184
20140711,11855.494336,7104.897376,4750.596960,0.79913503,9474.140837,12583.146497,7745.800535,4837.345962,0.81818063,10295.286771
20140712,11219.901280,6766.732192,4453.169088,0.79907051,8965.492243,11333.348833,7054.184424,4279.164409,0.83399625,9451.970388
20140713,8722.508128,6241.076416,2481.431712,0.86382501,7534.720637,10644.634671,6768.930995,3875.703676,0.84957899,9043.457991
20140714,11979.581920,5938.731232,6040.850688,0.76767502,9196.425773,13001.845542,7080.548248,5921.297294,0.80961573,10526.498620
20140715,11986.306528,7050.335296,4935.971232,0.80194832,9612.398328,13001.128421,7732.635016,5268.493405,0.82621142,10741.680793
20140716,11962.446208,6959.636416,5002.809792,0.80055319,9576.574461,12831.853042,7601.543396,5230.309646,0.82947590,10643.712872
20140717,12041.905024,7005.775936,5036.129088,0.79999912,9633.513377,12987.545608,7634.853002,5352.692606,0.82995041,10779.018753
20140718,11776.160320,7035.348928,4740.811392,0.78280971,9218.492643,12563.933125,7732.384465,4831.548660,0.80089119,10062.343329
20140719,11073.068128,6301.835296,4771.232832,0.78531040,8695.795569,10924.441744,6463.781217,4460.660527,0.82956089,9062.489563
20140720,8635.207168,6197.307808,2437.899360,0.86842813,7499.056814,10095.422417,6479.461267,3615.961150,0.86466445,8729.152861
20140721,11535.032512,5753.382784,5781.649728,0.77037301,8886.277678,12264.493931,6632.243833,5632.250098,0.79706963,9775.655682
20140722,12055.167808,6748.075936,5307.091872,0.79230080,9551.319117,12640.636069,6760.899589,5879.736480,0.81766369,10335.789132
20140723,12255.683104,7250.280160,5005.402944,0.81041524,9932.192387,13423.483881,7761.509976,5661.973905,0.82956604,11135.666395
20140724,12296.850592,7516.443424,4780.407168,0.80627175,9914.603284,13536.749326,8364.611744,5172.137582,0.81918056,11089.041954
20140725,11619.181600,6804.534976,4814.646624,0.80077791,9304.383911,12432.128652,7107.554309,5324.574343,0.81854702,10176.281917
20140726,11118.878080,6734.953792,4383.924288,0.79329074,8820.503056,11322.054638,7096.314531,4225.740107,0.83577886,9462.733934
20140727,8744.010592,6119.041600,2624.968992,0.85309738,7459.492490,10005.430279,6575.268264,3430.162015,0.86300280,8634.714366
20140728,11652.359680,5649.053632,6003.306048,0.76447377,8907.923293,12485.346053,6514.158264,5971.187789,0.79914476,9977.598869
20140729,11844.799360,6803.496256,5041.303104,0.79813940,9453.801067,12665.300938,7297.724943,5367.575995,0.82895865,10499.010731
20140730,11956.045024,6976.223584,4979.821440,0.80218950,9591.013836,12883.807697,7675.760715,5208.046982,0.83614401,10772.718679
20140731,11964.129088,7111.430272,4852.698816,0.80469654,9627.493275,13200.573322,7937.729391,5262.843931,0.83573122,11032.131297
20140801,11958.612832,7144.677376,4813.935456,0.79189637,9469.982113,13390.088042,8220.513685,5169.574357,0.82478048,11043.883269
20140802,11304.133792,6578.293792,4725.840000,0.78439232,8866.875708,12040.760230,7632.858585,4407.901645,0.83155948,10012.608314
20140803,8808.347488,6124.718560,2683.628928,0.85955597,7571.267698,10444.821267,6856.233323,3588.587944,0.87563710,9145.872963
20140804,11724.250912,6061.742464,5662.508448,0.77743383,9114.829344,12980.073504,7456.346521,5523.726983,0.81701557,10604.922145
20140805,11991.594976,6925.480960,5066.114016,0.79794751,9568.663359,13180.234556,7729.859458,5450.375098,0.81884397,10792.555582
20140806,11828.187808,7016.193952,4811.993856,0.80467559,9517.853962,12875.060625,7472.927410,5402.133215,0.81454592,10487.328046
20140807,11748.759040,6922.360960,4826.398080,0.80001329,9399.163351,12431.710970,7340.019950,5091.691020,0.82543659,10261.589140
20140808,11896.866208,6758.678560,5138.187648,0.79578760,9467.378573,12685.458799,6900.923939,5784.534860,0.80808613,10250.943292
20140809,11362.410592,6885.926368,4476.484224,0.80566014,9154.241301,11638.466892,7265.016349,4373.450543,0.85360439,9934.646470
20140810,8822.225344,6484.428448,2337.796896,0.87940821,7758.337439,10566.247516,7268.587986,3297.659530,0.88590889,9360.732599
20140811,11944.990048,6149.039680,5795.950368,0.77578492,9266.743207,12671.765115,7283.425979,5388.339136,0.82096921,10403.128952
20140812,11897.079040,7056.908608,4840.170432,0.79792552,9492.983008,12984.832615,7826.292105,5158.540510,0.80927287,10508.272704
20140813,11316.836896,6382.252192,4934.584704,0.77928801,8819.075303,12003.207747,6753.540781,5249.666966,0.78279688,9396.073565
20140814,11306.976256,6171.999040,5134.977216,0.78146425,8835.997758,11656.772829,6343.244458,5313.528371,0.79803394,9302.500380
20140815,11576.301280,6275.432512,5300.868768,0.78079940,9038.769048,11999.489737,6425.688347,5573.801390,0.79510515,9540.856044
20140816,10989.960640,6429.277216,4560.683424,0.79303755,8715.451450,10888.786678,6407.093059,4481.693619,0.82595103,8993.604592
20140817,8738.140960,6085.851712,2652.289248,0.86033796,7517.754358,10024.764901,6396.577483,3628.187418,0.87138870,8735.466903
20140818,11844.580960,5938.289728,5906.291232,0.77279592,9153.443788,12695.898618,6878.138833,5817.759785,0.81682265,10370.297537
20140819,11808.341920,7027.158400,4781.183520,0.78964035,9324.343247,12906.981579,7641.211061,5265.770518,0.78097133,10079.982579
20140820,10738.607488,6091.668928,4646.938560,0.78300144,8408.345074,11063.234194,6202.153593,4861.080601,0.79111870,8752.331412
20140821,11222.663104,5800.098880,5422.564224,0.76609151,8597.586869,11471.518931,5763.063693,5708.455238,0.78071145,8955.946176
20140822,11147.715616,6189.709408,4958.006208,0.78621648,8764.517727,11903.211611,6181.074038,5722.137573,0.77490315,9223.836159
20140823,10833.335296,6151.287808,4682.047488,0.79008987,8559.308433,11001.681777,6272.321259,4729.360518,0.82026203,9024.261811
20140824,8588.659360,5978.645344,2610.014016,0.85715487,7361.811208,10077.487796,6456.179424,3621.308372,0.86409637,8707.920623
20140825,11706.806848,5679.257536,6027.549312,0.76248464,8926.260377,12489.404145,6614.060213,5875.343932,0.80135691,10008.470352
20140826,11807.650912,6740.557216,5067.093696,0.79533164,9390.998313,12755.980806,7363.332154,5392.648652,0.82066732,10468.416602
20140827,11830.613152,6884.978560,4945.634592,0.79870453,9449.164280,12821.859326,7477.237993,5344.621333,0.82290523,10551.175146
20140828,11823.340000,6932.101120,4891.238880,0.80083641,9468.561102,12805.940559,7527.413668,5278.526891,0.81880836,10485.611125
20140829,11842.773472,6911.789728,4930.983744,0.79987623,9472.753051,12790.278454,7391.546932,5398.731522,0.81938432,10480.153665
20140830,11133.829408,6839.655136,4294.174272,0.80929388,9010.539982,11781.981496,7539.551472,4242.430024,0.85469604,10070.012966
20140831,8524.867168,6269.987968,2254.879200,0.86172085,7346.055781,10529.043651,7380.735312,3148.308339,0.85900558,9044.507299
20140901,11156.075296,5368.685824,5787.389472,0.76337595,8516.279526,12296.363766,6421.134391,5875.229375,0.79448394,9769.263485
20140902,11585.051872,6410.399680,5174.652192,0.79076711,9161.077949,12680.691152,7164.662089,5516.029063,0.81793877,10372.028876
20140903,11824.958080,6838.887328,4986.070752,0.80121964,9474.388597,12898.926020,7554.505962,5344.420058,0.82426432,10632.124456
20140904,11893.600960,6946.121440,4947.479520,0.80270822,9547.091248,12754.527746,7452.232557,5302.295189,0.83195680,10611.216029
20140905,11775.484384,7069.632352,4705.852032,0.78207485,9209.310216,12508.495394,7924.486563,4584.008831,0.81868373,10240.501720
20140906,10734.942784,6303.954016,4430.988768,0.79727481,8558.699426,11055.855016,6720.895625,4334.959391,0.84646772,9358.424346
20140907,7954.433632,5948.418400,2006.015232,0.86873001,6910.255171,9994.416414,7014.395412,2980.021002,0.87738519,8768.952984
20140908,6028.771552,4302.492832,1726.278720,0.81568465,4917.576441,8281.387878,6179.109885,2102.277993,0.87790015,7270.231670
20140909,10870.663744,3852.543904,7018.119840,0.71869009,7812.638259,11908.315460,5709.459359,6198.856101,0.77974195,9285.413160
20140910,11489.797216,6348.189088,5141.608128,0.79045286,9082.143046,12490.317303,6966.711085,5523.606218,0.81351485,10161.058612
20140911,11616.628768,6684.393472,4932.235296,0.80048938,9298.987943,12711.127812,7478.402672,5232.725140,0.82606081,10500.164593
20140912,11428.926208,6730.705984,4698.220224,0.79532344,9089.692868,12765.273503,7601.595970,5163.677533,0.80526870,10279.475256
20140913,11091.143104,6373.450048,4717.693056,0.78939173,8755.256687,11482.598174,6962.804507,4519.793667,0.82913811,9520.659705
20140914,9181.135936,6105.430048,3075.705888,0.84035725,7715.434138,10630.508076,6779.408741,3851.099335,0.86593367,9205.314851
20140915,11645.314336,5946.830752,5698.483584,0.76892946,8954.425208,12971.105757,7191.266085,5779.839672,0.80409169,10429.958356
20140916,11019.115936,6385.248928,4633.867008,0.78760548,8678.716125,11866.952138,7116.725271,4750.226867,0.80520010,9555.271040
20140917,11203.980640,6039.479680,5164.500960,0.78103283,8750.676682,12114.473537,6340.782113,5773.691424,0.78413543,9499.387890
20140918,11484.510592,6252.009088,5232.501504,0.78612887,9028.305358,12435.044375,6579.645971,5855.398404,0.79732491,9914.770680
20140919,11757.929728,6657.498880,5100.430848,0.79693569,9370.313867,12788.591333,7100.799326,5687.792007,0.81249209,10390.629350
20140920,10914.515296,6760.767808,4153.747488,0.80287469,8762.988031,10865.367483,6929.320592,3936.046891,0.83418544,9063.731385
20140921,8232.120640,5703.112192,2529.008448,0.84227850,6933.738197,8828.903602,5836.224391,2992.679211,0.86144251,7605.592843
20140922,10903.147168,5067.214816,5835.932352,0.75140842,8192.716639,11112.919243,5393.913800,5719.005443,0.78004778,8668.607992
20140923,10971.061600,5860.634656,5110.426944,0.77831117,8538.899818,11291.797040,5880.323404,5411.473636,0.79066577,8928.037395
20140924,11153.924704,6113.901280,5040.023424,0.78418103,8746.696139,11476.028849,6096.019588,5380.009261,0.79967117,9177.049407
20140925,11346.385024,6306.430432,5039.954592,0.78976433,8960.970210,11947.790871,6448.956028,5498.834843,0.79893352,9545.490653
20140926,11415.745024,6473.783584,4941.961440,0.79456501,9070.551600,12187.908454,6730.579523,5457.328931,0.80381790,9796.859033
20140927,11251.840960,6547.089088,4704.751872,0.79760474,8974.521684,11270.509129,6952.766365,4317.742764,0.84304875,9501.588684
20140928,10300.950592,6420.181600,3880.768992,0.81621547,8407.795197,11684.703882,6831.131760,4853.572122,0.82212298,9606.263538
20140929,11274.056896,6263.770048,5010.286848,0.79425304,8954.454006,12159.493371,6943.509655,5215.983716,0.82084297,9981.034649
20140930,10878.967168,6566.456416,4312.510752,0.77400402,8420.364339,12153.367336,7244.984588,4908.382748,0.80038426,9727.363894
20141001,6561.001600,3894.723232,2666.278368,0.73140265,4798.733982,8662.729507,5894.460378,2768.269129,0.81770061,7083.519161
20141002,5395.132672,3394.698208,2000.434464,0.84624585,4565.608613,8125.214095,5241.735156,2883.478939,0.85714950,6964.523211
20141003,6144.498400,3740.408800,2404.089600,0.85180659,5233.924229,8369.557483,5179.383750,3190.173733,0.86290854,7222.162625
20141004,8400.347488,4183.884064,4216.463424,0.78115290,6561.955825,9112.803881,5489.803635,3623.000246,0.84350591,7686.703903
20141005,8578.022464,5045.022784,3532.999680,0.80590390,6913.061734,8857.795246,5578.120971,3279.674275,0.85016937,7530.626207
20141006,10044.640000,5051.414656,4993.225344,0.76679991,7702.229017,9298.216859,5204.031644,4094.185215,0.82169935,7640.338743
20141007,10055.464384,5519.165824,4536.298560,0.78128947,7856.228471,9304.375098,5313.341817,3991.033281,0.82497054,7675.835311
20141008,10135.604704,5456.775136,4678.829568,0.77756599,7881.101512,10094.387039,5226.211373,4868.175666,0.78787258,7953.090800
20141009,10324.733152,5575.479520,4749.253632,0.77638830,8016.002057,10163.477714,5300.596308,4862.881406,0.79477567,8077.684848
20141010,10221.896896,5595.909568,4625.987328,0.78128340,7986.198384,10158.270560,5359.615279,4798.655281,0.80094269,8136.192527
20141011,10221.417856,5617.553632,4603.864224,0.77565409,7928.284586,10213.444063,5418.130723,4795.313340,0.79909242,8161.485698
20141012,8157.102784,5469.808288,2687.294496,0.83328449,6797.187241,8724.674095,5460.657269,3264.016826,0.84232606,7349.020349
20141013,10100.516896,4851.856576,5248.660320,0.75576902,7633.657802,9824.776315,5036.288380,4788.487935,0.79057906,7767.262444
20141014,9959.242144,5374.169728,4585.072416,0.77734670,7741.784001,9679.993339,5066.211037,4613.782302,0.79442827,7690.060350
20141015,9915.386848,5329.014976,4586.371872,0.77591478,7693.495212,9627.828388,5001.883741,4625.944647,0.79550601,7658.995302
20141016,9990.722464,5374.152832,4616.569632,0.77512831,7744.091831,9930.565000,5062.213182,4868.351818,0.78523617,7797.838846
20141017,9968.843104,5326.287328,4642.555776,0.77542705,7730.110643,9982.624803,5064.619655,4918.005148,0.78576228,7843.970020
20141018,9560.813152,5372.500960,4188.312192,0.78330057,7488.990380,9319.169441,5103.201308,4215.968133,0.80700436,7520.610368
20141019,7594.665184,5093.405344,2501.259840,0.83199774,6318.744235,8637.078536,5057.903084,3579.175452,0.82141951,7094.664811
20141020,10372.987168,4542.431392,5830.555776,0.74408628,7718.397469,10566.748618,4983.609523,5583.139095,0.77657680,8205.891852
20141021,10712.050912,5694.503584,5017.547328,0.77718296,8325.223411,11128.321776,5715.197879,5413.123897,0.78364033,8720.601765
20141022,10450.447168,5840.860000,4609.587168,0.78602401,8214.302374,10391.264754,5589.189835,4802.074919,0.79997582,8312.760492
20141023,9952.480000,5654.308288,4298.171712,0.79149302,7877.318405,9760.846234,5398.580082,4362.266152,0.80178110,7826.062066
20141024,9988.972192,5506.926208,4482.045984,0.78426443,7833.995604,9736.944852,5096.574753,4640.370099,0.80147242,7803.892770
20141025,9595.081600,5391.034816,4204.046784,0.78344783,7517.245888,9302.694573,5137.406127,4165.288446,0.80888055,7524.768664
20141026,7680.726208,5122.265824,2558.460384,0.83336185,6400.824173,8715.701595,5031.490469,3684.211126,0.80932146,7053.804349
20141027,10289.545024,4674.284704,5615.260320,0.74818782,7698.512278,10336.880346,4885.265394,5451.614952,0.77865823,8048.896988
20141028,10134.795616,5479.617376,4655.178240,0.77965770,7901.671416,10229.118487,5304.159991,4924.958496,0.79314917,8113.216884
20141029,10323.816256,5541.905344,4781.910912,0.77569978,8008.182050,10466.712615,5425.885970,5040.826645,0.79133939,8282.721974
20141030,10289.099680,5578.865824,4710.233856,0.77961214,8021.506985,10479.815181,5482.593043,4997.222138,0.79025324,8281.707930
20141031,10032.943744,5544.402304,4488.541440,0.78165678,7842.318512,10373.643734,5393.398051,4980.245683,0.78375323,8130.376807
20141101,9277.877536,5293.823584,3984.053952,0.78271837,7261.965198,9510.649769,5310.102599,4200.547170,0.80504424,7656.493829
20141102,6778.602784,4577.497696,2201.105088,0.84620140,5736.063174,8081.924935,5191.395066,2890.529869,0.83325355,6734.292608
20141103,9080.948128,3919.802944,5161.145184,0.74687266,6782.311918,8860.624736,4270.284424,4590.340312,0.78878507,6989.128469
20141104,9266.029408,4993.692352,4272.337056,0.78271404,7252.651347,8949.715065,4672.663898,4277.051167,0.79869496,7148.092309
20141105,9540.623104,5118.237856,4422.385248,0.77979419,7439.722511,9276.333174,4745.091858,4531.241316,0.79448470,7369.904804
20141106,9571.609408,5243.345344,4328.264064,0.78270422,7491.739028,9020.291004,4839.069144,4181.221860,0.80203599,7234.598037
20141107,9330.063424,5135.207488,4194.855936,0.78788045,7350.974571,8935.823404,4636.679129,4299.144275,0.79640725,7116.554530
20141108,8934.409408,5055.459520,3878.949888,0.77999992,6968.838656,8340.243404,4557.441381,3782.802023,0.80147171,6684.469149
20141109,6924.505984,4669.590592,2254.915392,0.83481543,5780.684435,7954.104737,4330.127410,3623.977327,0.78171015,6217.804446
20141110,9219.892192,4151.307328,5068.584864,0.75239752,6937.024029,8869.353766,4231.518956,4637.834810,0.78286480,6943.504836
20141111,9297.266848,5039.565184,4257.701664,0.78461274,7294.753982,8989.653651,4613.060017,4376.593634,0.79379602,7135.951313
20141112,9262.500640,5077.452352,4185.048288,0.78592573,7279.637616,8875.902236,4609.213191,4266.689045,0.79848483,7087.273321
20141113,9200.171872,5046.385504,4153.786368,0.78698108,7240.361184,8927.921299,4626.469588,4301.451711,0.79159532,7067.300748
20141114,9148.137856,5038.189408,4109.948448,0.78747495,7203.929371,8767.730164,4579.513537,4188.216627,0.79884346,7004.043911
20141115,8740.392832,4969.661920,3770.730912,0.78328366,6846.206856,8409.176842,4511.936644,3897.240198,0.80148195,6739.803481
20141116,6586.887808,4518.811072,2068.076736,0.83801401,5519.904243,7802.666785,4289.800921,3512.865864,0.79173743,6177.663334
20141117,9028.193152,3879.820480,5148.372672,0.74942283,6765.934042,8876.872236,4105.210115,4771.662121,0.77117913,6845.658615
20141118,9109.968448,4930.464064,4179.504384,0.78750461,7174.142194,8869.235329,4472.457838,4396.777491,0.78994172,7006.179012
20141119,9118.420000,4982.845504,4135.574496,0.78916714,7195.957452,8897.692122,4558.205838,4339.486284,0.79170586,7044.354970
20141120,9155.295616,5014.510048,4140.785568,0.78855769,7219.478800,8977.695394,4487.770937,4489.924457,0.78646600,7060.652169
20141121,9175.479040,5013.451552,4162.027488,0.78855044,7235.328013,8898.273734,4570.814868,4327.458866,0.79839240,7104.314096
20141122,8942.858080,5007.532672,3935.325408,0.78372771,7008.765659,8522.608060,4542.260493,3980.347567,0.80638579,6872.510013
20141123,7039.316416,4707.294016,2332.022400,0.83303956,5864.029069,8146.914935,4440.097377,3706.817558,0.78620323,6405.130859
20141124,9447.367168,4218.061600,5229.305568,0.74949573,7080.761334,9206.927928,4298.341965,4908.585963,0.77973005,7178.918378
20141125,9462.940960,5141.008768,4321.932192,0.78506248,7428.999898,9446.685641,4733.313536,4713.372105,0.78747908,7439.067313
20141126,9395.159680,5146.739200,4248.420480,0.78616363,7386.132818,9190.321431,4653.192894,4537.128537,0.79271575,7285.312561
20141127,9414.708448,5091.301600,4323.406848,0.78346740,7376.117188,9385.857911,4766.707920,4619.149991,0.79348409,7447.528912
20141128,9453.638080,5120.229088,4333.408992,0.78400161,7411.667459,9407.054836,4829.718635,4577.336201,0.79432782,7472.285321
20141129,9057.151552,5138.516416,3918.635136,0.77906451,7056.105330,8862.240756,4832.327450,4029.913306,0.80986233,7177.194959
20141130,6592.187488,4580.901280,2011.286208,0.84387852,5563.005402,8343.751118,4607.109358,3736.641760,0.78767280,6572.145824
20141201,8594.407168,3723.242944,4871.164224,0.75038749,6449.135627,8541.913388,4064.313363,4477.600025,0.76910618,6569.638369
20141202,8955.685984,4733.876896,4221.809088,0.78147004,6998.600267,8761.187417,4265.038470,4496.148947,0.77899660,6824.935176
20141203,9002.762464,4874.905504,4127.856960,0.78634063,7079.237940,8963.135888,4429.855050,4533.280838,0.78085812,6998.937408
20141204,9073.794976,4949.853952,4123.941024,0.78985583,7166.989861,9003.394671,4458.479556,4544.915115,0.78173236,7038.245008
20141205,9103.157536,4948.360960,4154.796576,0.78617406,7156.666283,8976.450690,4522.742056,4453.708634,0.78591546,7054.731345
20141206,8742.841600,4875.327808,3867.513792,0.78191286,6836.140296,8341.267336,4444.318914,3896.948422,0.80272702,6695.760693
20141207,6897.678400,4584.390112,2313.288288,0.83258965,5742.935664,8313.718948,4319.388734,3994.330214,0.76550853,6364.222747
20141208,8899.703104,4064.904544,4834.798560,0.76220875,6783.431559,9070.951776,4148.771069,4922.180707,0.76182112,6910.442606
20141209,9011.366848,4889.382784,4121.984064,0.78856113,7106.013664,9013.213108,4538.810494,4474.402614,0.78393165,7065.743000
20141210,9039.853792,4957.948288,4081.905504,0.79101584,7150.667515,8951.082862,4566.471596,4384.611266,0.78721507,7046.427339
20141211,9023.353792,4971.811552,4051.542240,0.79134614,7140.596225,8993.022073,4554.407221,4438.614852,0.78517034,7061.054157
20141212,9060.282784,4956.332032,4103.950752,0.79003205,7157.913763,9043.869473,4550.264351,4493.605122,0.78623432,7110.600573
20141213,8736.894016,4918.459840,3818.434176,0.78462531,6855.188200,8588.105855,4550.599680,4037.506175,0.79917820,6863.426955
20141214,6688.216096,4505.642464,2182.573632,0.83432582,5580.151347,8126.978816,4350.324071,3776.654745,0.77490777,6297.659038
20141215,8909.042464,3901.020160,5008.022304,0.75626914,6737.633872,8941.667072,4085.324630,4856.342442,0.76829413,6869.830353
20141216,8885.718400,4811.979040,4073.739360,0.78943146,7014.665662,8981.455987,4464.464844,4516.991143,0.78097170,7014.262975
20141217,9030.537856,4833.214336,4197.323520,0.78558371,7094.243410,9203.275296,4518.590165,4684.685131,0.77984401,7177.119098
20141218,9084.294976,4852.912192,4231.382784,0.78880793,7165.763925,9285.162599,4675.073766,4610.088833,0.78626180,7300.568688
20141219,9193.457536,4854.852352,4338.605184,0.78339754,7202.132050,9296.042895,4662.709079,4633.333816,0.79207993,7363.208980
20141220,8626.000960,4761.836896,3864.164064,0.78303770,6754.483963,8719.769096,4691.537673,4028.231423,0.80164416,6990.151934
20141221,6910.726528,4450.887808,2459.838720,0.82311747,5688.339731,8360.681595,4433.718463,3926.963132,0.78163166,6534.973451
20141222,8891.494336,4035.111232,4856.383104,0.75706618,6731.449681,8855.632631,4281.517121,4574.115510,0.78918881,6988.766188
20141223,9112.796896,4789.606528,4323.190368,0.78740286,7175.442311,9354.134934,4501.800823,4852.334111,0.77439342,7243.780497
20141224,9041.502784,4830.504064,4210.998720,0.78480230,7095.792178,9101.666826,4579.500830,4522.165996,0.78909354,7182.066521
20141225,9055.009408,4861.555456,4193.453952,0.78654160,7122.141599,9067.803059,4557.769532,4510.033527,0.78694425,7135.855499
20141226,8960.655616,4805.517856,4155.137760,0.78938305,7073.389654,8958.888355,4529.986792,4428.901563,0.79106665,7087.077828
20141227,8899.329088,4826.893792,4072.435296,0.77678628,6912.876737,8751.270428,4460.775740,4290.494688,0.78922129,6906.688971
20141228,7501.186048,4616.671072,2884.514976,0.81033760,6078.493122,8480.166777,4356.945000,4123.221777,0.77326913,6557.451155
20141229,8738.955616,4224.259840,4514.695776,0.76748795,6707.043100,9010.524753,4238.837121,4771.687632,0.76986420,6936.880418
20141230,8479.017856,4578.106048,3900.911808,0.78161215,6627.303336,8780.473733,4455.129564,4325.344169,0.78566034,6898.469963
20141231,7797.769888,4313.017216,3484.752672,0.75411696,5880.430551,8059.246529,4297.719613,3761.526916,0.80588192,6494.801036
