date,area,cluster,daily_mean,daily_max,daily_min,peak_valley,load_factor,weekday,is_weekend,month,最高温度,最低温度,平均温度,相对湿度,降雨量
2014-01-01,1,1,3585.2709939999986,4454.57872,3054.56032,1400.0184000000004,0.8048507433268568,Wednesday,False,1,20.7,9.3,14.3,40.0,0.0
2014-01-02,1,2,5785.974969,8035.43872,2469.126208,5566.312512,0.7200571332339151,Thursday,False,1,20.3,10.2,15.0,55.0,0.0
2014-01-03,1,2,6624.949450000001,8421.06064,4387.608928,4033.451712,0.786711999024389,Friday,False,1,23.9,14.4,18.9,64.0,0.0
2014-01-04,1,2,6556.301895,8391.353152,4469.63968,3921.7134719999995,0.781316407049007,Saturday,True,1,20.8,14.7,17.9,47.0,0.0
2014-01-05,1,2,5941.938302000001,7412.725984,4414.332832,2998.3931519999996,0.8015861256473502,Sunday,True,1,20.1,10.8,15.3,38.0,0.0
2014-01-06,1,2,6520.510573,8400.503104,4110.03856,4290.4645439999995,0.7762047691994997,Monday,False,1,21.3,11.5,15.8,59.0,0.0
2014-01-07,1,2,6704.399089999998,8481.449728,4518.522784,3962.926944,0.7904779613167564,Tuesday,False,1,22.9,15.3,18.2,67.0,0.0
2014-01-08,1,2,6741.751450000004,8546.52064,4548.34192,3998.178720000001,0.7888299501023617,Wednesday,False,1,19.7,14.6,17.5,83.0,0.7
2014-01-09,1,2,6722.066415000001,8498.717536,4544.30128,3954.4162560000004,0.7909506800909404,Thursday,False,1,15.3,11.6,13.7,59.0,0.0
2014-01-10,1,2,6701.039317999998,8524.777216,4544.385184,3980.3920320000007,0.7860662100849907,Friday,False,1,17.4,11.6,13.9,60.0,0.0
2014-01-11,1,2,6444.350792000001,8268.334336,4512.001984,3756.3323519999994,0.7794013316492965,Saturday,True,1,21.6,12.5,15.8,67.0,0.0
2014-01-12,1,2,5677.075115000002,7050.654016,4252.012672,2798.6413440000006,0.8051841860509755,Sunday,True,1,20.0,13.1,16.0,75.0,0.0
2014-01-13,1,2,6388.229233000001,8291.092192,3932.942944,4358.149248,0.7704930888555245,Monday,False,1,14.5,9.3,11.8,60.0,0.0
2014-01-14,1,2,6534.511743,8275.208128,4428.933952,3846.274176,0.7896492320102284,Tuesday,False,1,14.9,8.0,11.3,57.0,0.0
2014-01-15,1,2,6453.933906000002,8210.692192,4383.656896,3827.035296,0.786040172385018,Wednesday,False,1,16.5,7.6,11.8,48.0,0.0
2014-01-16,1,2,6334.645662999999,8037.446848,4311.656416,3725.790432,0.7881415308614181,Thursday,False,1,18.5,8.3,12.7,57.0,0.0
2014-01-17,1,2,6180.678993999999,7870.763584,4241.474656,3629.288928,0.7852705684826219,Friday,False,1,20.0,9.5,14.2,62.0,0.0
2014-01-18,1,2,5867.771364000001,7519.492192,4158.366208,3361.1259839999993,0.7803414398438677,Saturday,True,1,20.1,11.1,15.7,33.0,0.0
2014-01-19,1,1,5233.983482000001,6528.14032,3863.853664,2664.286656,0.8017571966038868,Sunday,True,1,17.8,8.8,13.8,35.0,0.0
2014-01-20,1,2,5483.330319000003,7062.885184,3579.056128,3483.8290559999996,0.7763584110671569,Monday,False,1,20.3,10.0,14.8,42.0,0.0
2014-01-21,1,2,5344.7292259999995,6811.230112,3705.96112,3105.2689920000003,0.7846936806001716,Tuesday,False,1,18.1,10.2,14.4,21.0,0.0
2014-01-22,1,1,5060.905496000001,6373.923424,3534.133792,2839.7896319999995,0.7940016155424715,Wednesday,False,1,17.1,7.7,12.4,21.0,0.0
2014-01-23,1,1,4701.311610000002,5854.3192,3386.21056,2468.10864,0.803050098464054,Thursday,False,1,18.2,7.3,12.4,42.0,0.0
2014-01-24,1,1,4197.976125,5166.126208,3127.13824,2038.9879679999995,0.8125965096437692,Friday,False,1,22.3,9.2,14.5,62.0,0.0
2014-01-25,1,1,3605.9949979999988,4322.364544,2772.006976,1550.357568,0.8342644312603353,Saturday,True,1,22.4,15.1,17.9,71.0,0.0
2014-01-26,1,1,3127.119079,3739.162432,2448.93856,1290.223872,0.8363153877023121,Sunday,True,1,25.4,16.8,19.7,69.0,0.0
2014-01-27,1,1,2882.8351879999996,3527.447488,2211.010912,1316.4365759999996,0.8172581442550448,Monday,False,1,22.0,15.4,18.2,61.0,0.0
2014-01-28,1,1,2606.7101860000002,3169.903744,2073.782464,1096.1212800000003,0.8223310221750381,Tuesday,False,1,21.8,13.1,16.9,66.0,0.0
2014-01-29,1,1,2277.0678330000005,2772.749248,1861.146016,911.6032320000002,0.821231070441174,Wednesday,False,1,25.2,13.6,18.2,64.0,0.0
2014-01-30,1,1,1937.7228299999997,2315.095936,1584.764032,730.3319040000001,0.8369946142914397,Thursday,False,1,25.1,14.1,18.8,63.0,0.0
2014-01-31,1,1,1725.1981890000004,2242.059328,1396.797952,845.2613759999999,0.7694703558709757,Friday,False,1,26.2,14.1,19.8,54.0,0.0
2014-02-01,1,1,1741.0982729999998,2273.788768,1351.870624,921.918144,0.7657256019130797,Saturday,True,2,25.5,15.9,20.0,68.0,0.0
2014-02-02,1,1,1782.7430869999996,2361.377248,1363.981792,997.3954559999997,0.7549590343982173,Sunday,True,2,25.8,15.2,20.0,70.0,0.0
2014-02-03,1,1,1968.0913270000008,2608.204576,1445.27488,1162.9296960000001,0.7545770546949614,Monday,False,2,26.7,16.1,21.0,65.0,0.0
2014-02-04,1,1,2172.382475,2818.592224,1655.766496,1162.825728,0.770733154126519,Tuesday,False,2,23.5,17.1,19.8,70.0,0.0
2014-02-05,1,1,2489.9032390000007,3244.46032,1755.39904,1489.0612800000001,0.7674321746674961,Wednesday,False,2,22.4,15.9,18.6,72.0,0.0
2014-02-06,1,1,2767.487792,3568.05856,1972.236256,1595.822304,0.7756284672637211,Thursday,False,2,24.5,17.1,20.1,76.0,0.0
2014-02-07,1,1,3358.2245260000013,4225.943104,2233.23904,1992.704064,0.794668655813498,Friday,False,2,24.1,15.5,20.5,82.0,0.1
2014-02-08,1,1,3759.638701999999,4738.114336,2527.413664,2210.7006719999995,0.7934883870223259,Saturday,True,2,15.1,11.2,12.1,87.0,0.5
2014-02-09,1,1,3895.7515990000006,4835.13856,2730.6616,2104.4769600000004,0.8057166409311753,Sunday,True,2,11.9,9.1,10.8,93.0,15.4
2014-02-10,1,1,4733.692637000001,6279.612832,2816.195584,3463.4172479999997,0.7538191865711509,Monday,False,2,9.2,6.4,7.4,69.0,2.9
2014-02-11,1,1,5222.187710999998,6793.066048,3335.581312,3457.484736,0.768752677229968,Tuesday,False,2,7.4,4.8,5.9,56.0,0.0
2014-02-12,1,2,5522.604149,7195.609888,3544.488928,3651.1209599999997,0.7674963255317601,Wednesday,False,2,6.2,3.9,5.5,78.0,1.5
2014-02-13,1,2,5751.213259999997,7493.590048,3704.964544,3788.625504,0.767484373065613,Thursday,False,2,7.3,5.1,6.1,88.0,8.2
2014-02-14,1,2,5451.701253999999,7221.450112,3812.745664,3408.7044480000004,0.7549316507692574,Friday,False,2,13.5,5.7,8.6,59.0,0.0
2014-02-15,1,2,5641.169569999999,7399.296256,3687.573184,3711.723072,0.7623927161215694,Saturday,True,2,9.6,6.6,7.9,66.0,0.0
2014-02-16,1,1,5007.562659,6262.103584,3686.623072,2575.4805120000005,0.7996614223684486,Sunday,True,2,17.0,9.6,12.5,73.0,0.0
2014-02-17,1,2,5769.029840000002,7638.410272,3421.882432,4216.527840000001,0.7552657731867904,Monday,False,2,22.9,13.4,17.0,78.0,0.0
2014-02-18,1,2,6161.8724330000005,8026.886848,4006.710112,4020.176736,0.7676540793066379,Tuesday,False,2,19.1,8.8,15.1,92.0,1.2
2014-02-19,1,2,6378.391287999994,8246.173792,4160.906368,4085.2674239999997,0.773497072568125,Wednesday,False,2,9.7,6.5,8.2,77.0,11.7
2014-02-20,1,2,6399.577049999999,8251.574656,4286.128288,3965.446368000001,0.7755582803030994,Thursday,False,2,16.9,4.0,9.7,57.0,0.0
2014-02-21,1,2,6438.591467000001,8326.46128,4249.769728,4076.6915519999993,0.7732686492478352,Friday,False,2,17.2,8.7,12.6,56.0,0.0
2014-02-22,1,2,6279.469887000002,8126.369728,4329.007168,3797.3625599999996,0.7727275643592281,Saturday,True,2,14.6,10.8,12.9,70.0,0.5
2014-02-23,1,2,5350.501434999998,6643.143424,4089.553312,2553.590112,0.8054171185993046,Sunday,True,2,21.9,11.7,15.3,74.0,1.0
2014-02-24,1,2,6251.027458,8233.283104,3743.71984,4489.563264,0.759238736120108,Monday,False,2,24.0,12.6,17.4,72.0,0.0
2014-02-25,1,2,6526.220659000001,8356.948768,4373.58112,3983.3676480000004,0.7809334291948601,Tuesday,False,2,24.8,16.4,20.1,72.0,0.0
2014-02-26,1,2,6561.166242000002,8434.630048,4398.453472,4036.1765760000008,0.7778842942324151,Wednesday,False,2,25.7,18.4,21.2,78.0,0.0
2014-02-27,1,2,6631.260094000001,8486.443744,4480.610272,4005.8334720000003,0.7813944561511255,Thursday,False,2,25.9,17.1,21.0,73.0,0.0
2014-02-28,1,2,6521.104832999998,8435.266528,4508.931232,3926.335296,0.7730763232381408,Friday,False,2,22.5,17.3,19.5,79.0,0.8
2014-03-01,1,2,6123.970932999997,7916.575936,4281.351232,3635.224704,0.7735630887024939,Saturday,True,3,24.5,18.6,21.1,82.0,0.0
2014-03-02,1,1,5181.465239000001,6283.750432,4073.148928,2210.6015039999997,0.8245816403868284,Sunday,True,3,21.9,16.3,18.5,81.0,0.0
2014-03-03,1,2,6362.113070000002,8489.124064,3645.530752,4843.593311999999,0.749442819074814,Monday,False,3,17.2,15.3,16.1,87.0,0.8
2014-03-04,1,2,6744.648211000001,8650.005664,4523.150272,4126.855392,0.779727606314779,Tuesday,False,3,18.4,15.6,16.4,85.0,0.7
2014-03-05,1,2,6789.696400000005,8671.084384,4618.593952,4052.4904319999996,0.7830273699709858,Wednesday,False,3,16.4,13.7,14.9,81.0,0.5
2014-03-06,1,2,6835.879972999999,8722.522144,4648.965184,4073.556960000001,0.7837045134591291,Thursday,False,3,18.7,14.2,16.3,80.0,0.6
2014-03-07,1,2,6864.627098999997,8806.289728,4679.208928,4127.0808,0.7795141099177786,Friday,False,3,16.8,13.7,14.6,94.0,3.6
2014-03-08,1,2,6583.368956000001,8486.447488,4629.935296,3856.512192,0.7757508622199114,Saturday,True,3,15.9,14.0,14.5,92.0,1.8
2014-03-09,1,2,5660.580701000002,6948.262624,4392.547168,2555.715456,0.8146756976985563,Sunday,True,3,13.9,10.9,12.4,90.0,2.9
2014-03-10,1,2,6669.765784999999,8786.989408,3975.628288,4811.36112,0.7590501678456102,Monday,False,3,13.2,10.7,11.9,89.0,2.7
2014-03-11,1,2,6947.933401000001,8859.755296,4708.73824,4151.017056,0.7842127879239343,Tuesday,False,3,16.1,12.5,13.9,89.0,0.0
2014-03-12,1,2,7001.289644000001,8942.209408,4743.033952,4199.175456000001,0.7829485225135091,Wednesday,False,3,21.6,15.4,18.1,93.0,3.4
2014-03-13,1,2,6967.859547999999,8867.327488,4768.422784,4098.9047040000005,0.7857902572595274,Thursday,False,3,22.0,17.3,19.7,80.0,8.4
2014-03-14,1,2,6959.900563000002,8855.770048,4756.7416,4099.028448,0.7859170377365248,Friday,False,3,20.0,14.9,16.3,50.0,0.0
2014-03-15,1,2,6713.623322999999,8639.177536,4768.850272,3870.3272639999996,0.7771137119273109,Saturday,True,3,16.3,13.5,14.7,55.0,0.0
2014-03-16,1,2,5480.242138000002,6628.163584,4419.45952,2208.7040639999996,0.8268115396591881,Sunday,True,3,20.5,14.7,16.8,70.0,0.0
2014-03-17,1,2,6630.295414999998,8777.256256,3846.498016,4930.758240000001,0.755394991512026,Monday,False,3,25.0,16.8,20.3,77.0,0.0
2014-03-18,1,2,7057.812663000001,8969.029408,4815.788608,4153.2408000000005,0.7869093011005991,Tuesday,False,3,27.0,19.1,22.3,81.0,0.0
2014-03-19,1,2,7120.076609999999,9020.151232,4892.204704,4127.946528,0.7893522433128092,Wednesday,False,3,27.4,19.2,22.8,77.0,0.0
2014-03-20,1,2,7169.780189,9217.942144,4950.636256,4267.305888000001,0.7778070286182954,Thursday,False,3,27.7,19.3,22.4,76.0,0.0
2014-03-21,1,2,7019.5059360000005,8886.791872,4881.594016,4005.197856,0.7898807620460497,Friday,False,3,19.9,13.5,15.4,59.0,1.7
2014-03-22,1,2,6709.165670000002,8508.785344,4845.589888,3663.1954559999995,0.7884986397889323,Saturday,True,3,20.3,13.0,15.6,60.0,0.0
2014-03-23,1,2,5623.966836999999,6797.730112,4515.483424,2282.246688,0.8273301152500947,Sunday,True,3,24.8,15.2,18.7,56.0,0.0
2014-03-24,1,2,6688.097973,8772.533152,3993.926848,4778.606304,0.7623907321997658,Monday,False,3,26.4,14.9,20.1,57.0,0.0
2014-03-25,1,2,7074.767480000002,8984.94064,4850.103424,4134.837216000001,0.7874028069260568,Tuesday,False,3,27.3,18.5,22.2,66.0,0.0
2014-03-26,1,2,7158.397778999996,9105.0784,4914.362944,4190.715456,0.7861983680448041,Wednesday,False,3,28.1,18.5,22.8,74.0,0.0
2014-03-27,1,2,7233.471502000004,9218.425024,4955.427808,4262.997216,0.7846754172396905,Thursday,False,3,27.9,19.9,23.6,74.0,0.0
2014-03-28,1,2,7287.750155000002,9276.102784,5033.821984,4242.2808,0.7856478442186268,Friday,False,3,27.6,21.7,24.0,80.0,0.0
2014-03-29,1,2,6907.790234000003,8974.684384,5021.182624,3953.50176,0.7696972883319617,Saturday,True,3,24.2,21.0,23.1,86.0,5.8
2014-03-30,1,2,5616.592822999999,6870.969088,4368.150592,2502.818496,0.8174382319386734,Sunday,True,3,22.1,20.2,20.9,95.0,163.6
2014-03-31,1,2,6307.957071000001,8395.684384,3756.245536,4639.438848,0.7513332782043752,Monday,False,3,21.2,18.8,20.0,95.0,95.4
2014-04-01,1,2,6747.424551,8710.562464,4487.429728,4223.1327360000005,0.7746255857628621,Tuesday,False,4,22.2,18.7,19.9,94.0,23.5
2014-04-02,1,2,6915.876146999998,8925.363424,4656.014656,4269.348767999999,0.7748565317131448,Wednesday,False,4,22.8,17.9,19.6,91.0,38.5
2014-04-03,1,2,6968.1115139999965,8893.529728,4756.444384,4137.085343999999,0.7835034825443827,Thursday,False,4,24.9,18.4,20.6,90.0,81.5
2014-04-04,1,2,6702.209074000002,8677.266208,4794.10096,3883.1652479999993,0.7723871681867851,Friday,False,4,25.4,19.0,21.6,77.0,0.0
2014-04-05,1,1,3951.556712000001,5105.030272,3281.32144,1823.7088319999998,0.7740515729502027,Saturday,True,4,27.3,16.4,21.3,65.0,0.0
2014-04-06,1,1,4436.070887999999,5762.72032,2566.772032,3195.9482880000005,0.769787642236297,Sunday,True,4,22.2,17.5,19.8,74.0,23.3
2014-04-07,1,2,6153.157407,8222.567488,3522.892384,4699.675104,0.7483255584073838,Monday,False,4,22.1,17.5,19.5,88.0,2.3
2014-04-08,1,2,6948.362707,8900.337856,4585.813792,4314.524064,0.7806852750332268,Tuesday,False,4,22.5,19.3,20.7,90.0,3.0
2014-04-09,1,2,7187.484563000002,9184.004704,4845.730432,4338.274272000001,0.7826089810112538,Wednesday,False,4,28.6,20.6,23.7,82.0,0.0
2014-04-10,1,2,7244.790307999999,9180.87808,5027.365984,4153.512096,0.789117363815379,Thursday,False,4,26.8,21.3,23.6,78.0,0.0
2014-04-11,1,2,6933.807754,8734.273792,5062.290592,3671.9831999999997,0.7938619648437053,Friday,False,4,28.6,20.1,23.6,75.0,0.0
2014-04-12,1,2,7102.468191000003,9082.616896,4983.842464,4098.774431999999,0.7819847817348701,Saturday,True,4,29.1,21.5,24.6,77.0,0.0
2014-04-13,1,2,6327.789359999999,7684.008448,4936.813792,2747.1946559999997,0.8235010935792244,Sunday,True,4,32.4,22.5,26.5,74.0,0.0
2014-04-14,1,2,7250.179320000002,9472.905664,4616.212192,4856.693472,0.765359603184158,Monday,False,4,26.6,24.0,25.1,79.0,0.0
2014-04-15,1,2,7280.148227000001,9190.604704,5143.387648,4047.2170559999995,0.7921294040457951,Tuesday,False,4,28.5,21.0,23.3,67.0,0.0
2014-04-16,1,2,7316.853504999999,9346.288768,5097.333472,4248.955296,0.7828619130677388,Wednesday,False,4,26.5,21.5,23.5,76.0,0.0
2014-04-17,1,2,7496.622674000002,9645.76192,5139.495136,4506.266784000001,0.7771934178114155,Thursday,False,4,29.7,21.8,25.1,74.0,0.0
2014-04-18,1,2,7640.3691759999965,9813.57808,5285.087488,4528.490591999999,0.7785508113061242,Friday,False,4,29.3,21.6,24.9,78.0,0.0
2014-04-19,1,2,7401.236733999998,9409.106848,5312.789728,4096.31712,0.7866035377814001,Saturday,True,4,29.9,21.5,25.4,76.0,0.0
2014-04-20,1,2,6312.128822999998,7559.8216,5077.397536,2482.424064,0.8349573782270203,Sunday,True,4,28.9,23.5,25.8,80.0,0.0
2014-04-21,1,2,7421.250803000002,9788.332192,4582.4608,5205.871392,0.7581731655026366,Monday,False,4,27.8,24.3,25.8,80.0,0.0
2014-04-22,1,2,7714.5605239999995,9833.003104,5395.470592,4437.532512,0.7845579262414519,Tuesday,False,4,27.4,23.1,24.8,85.0,0.1
2014-04-23,1,2,7489.6762229999995,9432.568768,5390.667328,4041.9014399999987,0.7940229652402573,Wednesday,False,4,24.1,20.9,22.8,90.0,2.5
2014-04-24,1,2,7484.81091,9526.597216,5244.063904,4282.5333120000005,0.7856751723930553,Thursday,False,4,25.4,21.7,23.3,85.0,0.0
2014-04-25,1,2,7600.298932999998,9768.308128,5278.571872,4489.736256,0.7780568378278738,Friday,False,4,28.5,22.8,24.9,82.0,0.0
2014-04-26,1,2,7315.307834,9479.668768,5369.151712,4110.517056,0.7716839072156071,Saturday,True,4,27.3,21.1,23.8,87.0,19.6
2014-04-27,1,2,6468.426463999997,7976.902624,4995.1216,2981.781024,0.8108944998950507,Sunday,True,4,29.8,20.9,24.4,79.0,0.0
2014-04-28,1,2,7277.185272999999,9565.324384,4652.985664,4912.33872,0.76078813230554,Monday,False,4,29.2,21.7,24.8,64.0,0.0
2014-04-29,1,2,7476.773829999999,9516.270592,5292.985984,4223.284608000001,0.7856831894088283,Tuesday,False,4,27.8,22.1,24.8,65.0,0.0
2014-04-30,1,2,6736.231291000003,8788.64128,5056.815136,3731.8261439999997,0.7664701603340446,Wednesday,False,4,24.3,19.4,20.8,92.0,9.6
2014-05-01,1,1,3645.0667550000003,4871.148448,3028.52944,1842.6190080000001,0.7482972021714088,Thursday,False,5,24.3,18.4,20.6,90.0,7.4
2014-05-02,1,1,4686.596600000001,6321.967168,2418.67024,3903.296928,0.7413193513123921,Friday,False,5,28.6,21.4,24.5,78.0,0.0
2014-05-03,1,2,6162.005808000002,8128.562464,3812.49856,4316.063904,0.7580683343814435,Saturday,True,5,31.0,23.1,26.4,65.0,0.0
2014-05-04,1,2,6617.337697999998,8488.226848,4598.966848,3889.26,0.7795901095125867,Sunday,True,5,25.8,23.0,23.8,79.0,3.3
2014-05-05,1,2,7046.070865999999,9107.14192,4718.913472,4388.228448,0.7736862923510913,Monday,False,5,23.4,18.0,20.4,91.0,29.1
2014-05-06,1,2,7129.4315089999955,9098.774656,4964.923744,4133.850912,0.7835595207645503,Tuesday,False,5,20.3,17.5,18.5,95.0,23.1
2014-05-07,1,2,7155.321691999997,9090.22192,4963.53856,4126.68336,0.7871448854573175,Wednesday,False,5,20.0,18.3,19.2,97.0,24.2
2014-05-08,1,2,7247.3052529999995,9324.657856,5007.484864,4317.172992,0.7772194288433525,Thursday,False,5,24.2,19.5,21.4,96.0,75.2
2014-05-09,1,2,7225.722176,9244.729408,4981.709248,4263.020159999999,0.7816045075096697,Friday,False,5,22.3,20.9,21.3,97.0,53.8
2014-05-10,1,2,7043.305197999998,9011.37808,4995.826528,4015.551552000001,0.781601341711766,Saturday,True,5,27.5,21.3,23.7,89.0,5.3
2014-05-11,1,2,5921.182030000001,7258.962304,4732.896256,2526.0660479999997,0.8157064029299581,Sunday,True,5,24.8,22.4,23.6,94.0,50.4
2014-05-12,1,2,6977.101715,9353.224384,4123.791232,5229.433152,0.7459568410371198,Monday,False,5,28.6,22.5,24.5,93.0,0.1
2014-05-13,1,2,7737.6898759999995,10079.062144,5211.02176,4868.040384,0.7676993916151411,Tuesday,False,5,29.7,24.7,26.9,91.0,5.2
2014-05-14,1,3,8100.027687000002,10447.502464,5474.38,4973.122463999999,0.7753075641677113,Wednesday,False,5,31.0,27.0,28.5,84.0,0.1
2014-05-15,1,3,8329.183738000002,10627.072192,5811.04096,4816.031231999999,0.7837703167453933,Thursday,False,5,31.8,26.7,28.4,87.0,3.9
2014-05-16,1,3,8312.652641999997,10778.977216,5900.667808,4878.309407999999,0.7711912248650956,Friday,False,5,30.6,25.0,27.4,92.0,29.4
2014-05-17,1,2,7841.796294,10176.809728,5553.763264,4623.046464,0.7705554592835167,Saturday,True,5,30.9,22.8,26.9,88.0,30.1
2014-05-18,1,2,6378.039359000002,7801.870048,5144.233792,2657.636256,0.8175013579769898,Sunday,True,5,30.6,23.0,25.9,92.0,24.2
2014-05-19,1,2,7695.024017999996,10395.805984,4487.94064,5907.865344000001,0.7402046584789357,Monday,False,5,31.9,23.7,26.0,90.0,28.3
2014-05-20,1,2,7934.178276999999,10438.706848,5493.087328,4945.61952,0.7600729086975122,Tuesday,False,5,29.9,23.1,25.6,92.0,15.2
2014-05-21,1,3,7994.367450000002,10419.394336,5427.289888,4992.104447999999,0.7672583637974715,Wednesday,False,5,30.8,23.7,26.1,89.0,0.7
2014-05-22,1,3,8142.717830000004,10588.03936,5727.390112,4860.649248000001,0.7690486928828345,Thursday,False,5,28.9,22.7,27.3,88.0,23.4
2014-05-23,1,2,7809.773259999999,10092.94,5528.608768,4564.331232,0.7737857611360018,Friday,False,5,25.9,23.1,24.4,97.0,54.6
2014-05-24,1,2,7752.666279999998,10016.677216,5405.656576,4611.02064,0.773975851754151,Saturday,True,5,31.6,24.3,27.2,86.0,0.1
2014-05-25,1,2,6957.8330670000005,8384.347168,5447.268448,2937.0787200000004,0.8298598480696882,Sunday,True,5,32.5,25.8,28.9,81.0,0.5
2014-05-26,1,3,8416.299367,11028.272512,5273.98,5754.292512,0.7631566374372886,Monday,False,5,33.4,25.6,29.0,81.0,19.5
2014-05-27,1,3,8914.780168000001,11303.090272,6322.930912,4980.15936,0.7887029080961764,Tuesday,False,5,34.2,25.9,29.1,80.0,0.0
2014-05-28,1,3,9074.499706,11446.854016,6446.249728,5000.6042879999995,0.7927505403070566,Wednesday,False,5,33.5,26.4,29.4,76.0,0.0
2014-05-29,1,3,9104.740853,11438.706208,6643.212832,4795.493375999999,0.7959589736322039,Thursday,False,5,32.3,24.9,28.3,85.0,7.6
2014-05-30,1,3,9036.263311000002,11410.88128,6538.951072,4871.930208,0.7918988103782991,Friday,False,5,32.7,27.1,29.3,80.0,0.1
2014-05-31,1,3,8379.782418,10464.71968,6441.49888,4023.2208,0.8007651111778276,Saturday,True,5,33.6,27.1,30.0,75.0,0.0
2014-06-01,1,2,6616.47813,7429.777696,5669.73952,1760.038176,0.8905351412549182,Sunday,True,6,33.9,26.9,30.1,76.0,0.0
2014-06-02,1,1,5158.932387000002,6020.84176,4411.769248,1609.0725120000006,0.8568457024188594,Monday,False,6,33.9,27.0,30.2,74.0,0.0
2014-06-03,1,2,7921.287529000001,11047.105024,4421.425024,6625.68,0.7170464580350133,Tuesday,False,6,32.0,23.6,27.7,86.0,5.1
2014-06-04,1,3,8866.881192999997,11381.346208,6045.184864,5336.161344000001,0.7790713884766484,Wednesday,False,6,33.1,24.3,28.6,79.0,0.0
2014-06-05,1,3,9132.952716,11512.152832,6634.985344,4877.167488,0.793331434118334,Thursday,False,6,32.6,25.7,29.1,83.0,10.4
2014-06-06,1,3,8601.736753000003,11074.570048,6310.6192,4763.9508479999995,0.7767106728042615,Friday,False,6,29.7,23.5,25.6,92.0,25.0
2014-06-07,1,3,8230.032623000001,10410.746848,6011.516416,4399.230432,0.7905323934162385,Saturday,True,6,29.8,25.0,26.6,89.0,1.4
2014-06-08,1,2,7379.275071999997,8809.465024,5810.22064,2999.2443839999996,0.8376530302233252,Sunday,True,6,34.3,26.1,29.4,75.0,0.0
2014-06-09,1,3,8613.009913000002,11242.483744,5548.287328,5694.196415999999,0.7661127299914201,Monday,False,6,32.1,25.5,28.7,79.0,4.9
2014-06-10,1,3,8887.404315999998,11216.948128,6352.387168,4864.56096,0.792319284584642,Tuesday,False,6,32.2,25.7,28.0,78.0,17.0
2014-06-11,1,3,8706.56996,10909.72192,6435.12112,4474.6008,0.7980560846412482,Wednesday,False,6,29.4,25.4,26.9,88.0,3.7
2014-06-12,1,3,8545.970843000001,10792.825024,6195.6184,4597.2066239999995,0.7918196416597443,Thursday,False,6,32.3,23.8,27.7,75.0,1.8
2014-06-13,1,3,8705.878128999997,11022.49936,6164.83936,4857.66,0.7898279550455785,Friday,False,6,33.8,25.2,29.5,56.0,0.0
2014-06-14,1,3,8570.868656,10749.228448,6346.202464,4403.025984,0.7973473349703248,Saturday,True,6,34.3,26.7,30.8,45.0,0.0
2014-06-15,1,2,7240.267849999999,8140.544704,6089.043904,2051.5008,0.8894082783480528,Sunday,True,6,34.0,25.7,30.1,63.0,0.0
2014-06-16,1,3,8947.366362,11740.916896,5665.36096,6075.555936000001,0.7620670890744715,Monday,False,6,35.1,28.0,30.5,77.0,0.3
2014-06-17,1,3,9404.501649,11633.611552,6942.007168,4691.604384,0.8083905506870064,Tuesday,False,6,32.4,28.0,29.7,82.0,0.4
2014-06-18,1,3,9306.178235000001,11630.796256,6658.287808,4972.508448,0.8001325128706649,Wednesday,False,6,32.8,25.4,28.7,86.0,60.6
2014-06-19,1,3,9428.039422000003,11740.496896,6883.744864,4856.752032,0.8030358089198206,Thursday,False,6,33.1,26.6,29.5,82.0,1.3
2014-06-20,1,3,9325.646876999997,11697.428128,6848.054656,4849.373471999999,0.7972390832372206,Friday,False,6,30.9,26.7,29.1,83.0,4.0
2014-06-21,1,3,8782.279328999999,10982.565664,6620.135296,4362.430367999999,0.7996564370917109,Saturday,True,6,32.6,24.8,28.8,85.0,43.5
2014-06-22,1,2,7260.938270000002,8573.687488,6007.914496,2565.7729919999992,0.8468862761982681,Sunday,True,6,29.1,25.9,27.0,90.0,4.0
2014-06-23,1,3,8563.680924000002,11208.876256,5461.186528,5747.689727999999,0.7640088737188038,Monday,False,6,31.7,26.1,28.1,84.0,0.0
2014-06-24,1,3,8724.263827999997,11043.536896,6136.384384,4907.152512,0.7899881994472215,Tuesday,False,6,29.8,25.3,27.1,89.0,16.3
2014-06-25,1,3,8859.90516,11186.269408,6295.525504,4890.743904,0.7920339513425029,Wednesday,False,6,30.7,25.7,28.1,86.0,10.7
2014-06-26,1,3,9154.611471000002,11615.302144,6401.811232,5213.490911999999,0.7881509544483876,Thursday,False,6,33.5,27.7,30.1,78.0,0.3
2014-06-27,1,3,9337.074075000004,11682.457216,6725.954656,4956.502560000001,0.7992388846254178,Friday,False,6,34.4,26.8,30.2,76.0,0.2
2014-06-28,1,3,9057.196723,11222.603104,6824.812192,4397.7909119999995,0.8070495444832938,Saturday,True,6,34.3,27.6,30.6,74.0,0.0
2014-06-29,1,2,7609.292850000001,8786.334016,6349.61824,2436.715776000001,0.8660372842807255,Sunday,True,6,33.7,27.2,30.1,75.0,0.0
2014-06-30,1,3,8572.954610000003,11042.411872,5674.098016,5368.313856000001,0.7763661335381136,Monday,False,6,32.6,27.4,29.7,76.0,0.3
2014-07-01,1,3,8829.365741,11012.050048,6335.672992,4676.377055999999,0.801791283413535,Tuesday,False,7,32.0,26.9,29.2,79.0,0.0
2014-07-02,1,3,9211.555989999999,11736.25936,6426.434656,5309.824704,0.7848800633526557,Wednesday,False,7,33.2,26.6,29.6,77.0,0.0
2014-07-03,1,3,9495.094479000001,11860.913152,6858.550912,5002.3622399999995,0.8005365486888274,Thursday,False,7,33.9,27.2,30.4,74.0,0.0
2014-07-04,1,3,9596.998651999998,11964.58,7009.982464,4954.597536,0.8021174710687712,Friday,False,7,34.5,27.5,30.7,71.0,0.0
2014-07-05,1,3,9321.089482000001,11495.411872,7149.414016,4345.997856000001,0.8108530243012767,Saturday,True,7,34.7,28.3,30.9,72.0,0.0
2014-07-06,1,3,7951.560521999999,8947.78192,6729.688768,2218.0931519999995,0.8886627538638089,Sunday,True,7,36.1,28.3,31.1,70.0,0.0
2014-07-07,1,3,9358.514272000002,11926.936576,6263.542144,5663.394432,0.7846536461702739,Monday,False,7,35.1,27.8,30.5,72.0,14.5
2014-07-08,1,3,9631.507781000002,12069.315616,7262.853472,4806.462144,0.7980160671440015,Tuesday,False,7,35.7,26.9,29.5,82.0,4.3
2014-07-09,1,3,9583.845515999998,12060.30064,6772.7584,5287.54224,0.7946605811975843,Wednesday,False,7,36.0,26.1,30.1,73.0,0.0
2014-07-10,1,3,9752.912235999996,11998.928128,7283.992192,4714.935936,0.8128152891624685,Thursday,False,7,34.5,27.7,30.0,80.0,5.6
2014-07-11,1,3,9474.140837,11855.494336,7104.897376,4750.59696,0.7991350312766917,Friday,False,7,31.9,26.5,28.5,86.0,8.3
2014-07-12,1,3,8965.492243000002,11219.90128,6766.732192,4453.169088,0.7990705104492686,Saturday,True,7,32.7,26.8,28.8,83.0,0.0
2014-07-13,1,2,7534.720636999999,8722.508128,6241.076416,2481.4317119999996,0.863825006114113,Sunday,True,7,33.3,26.7,29.6,79.0,14.3
2014-07-14,1,3,9196.425773000004,11979.58192,5938.731232,6040.850688,0.767675018578612,Monday,False,7,33.3,27.6,30.3,69.0,0.0
2014-07-15,1,3,9612.398328000005,11986.306528,7050.335296,4935.971231999999,0.8019483154001987,Tuesday,False,7,33.7,27.3,30.1,67.0,0.0
2014-07-16,1,3,9576.574460999997,11962.446208,6959.636416,5002.809791999999,0.8005531890789671,Wednesday,False,7,34.6,27.2,30.3,61.0,0.0
2014-07-17,1,3,9633.513377,12041.905024,7005.775936,5036.129088,0.7999991162361786,Thursday,False,7,34.1,27.4,30.6,64.0,0.0
2014-07-18,1,3,9218.492642999996,11776.16032,7035.348928,4740.8113920000005,0.7828097098290859,Friday,False,7,31.8,25.6,28.1,78.0,11.2
2014-07-19,1,3,8695.795569,11073.068128,6301.835296,4771.232832000001,0.7853104007381033,Saturday,True,7,32.9,25.8,28.7,76.0,0.1
2014-07-20,1,2,7499.0568140000005,8635.207168,6197.307808,2437.8993600000013,0.8684281301078334,Sunday,True,7,33.5,26.2,28.9,81.0,14.0
2014-07-21,1,3,8886.277678000004,11535.032512,5753.382784,5781.649727999999,0.7703730066435034,Monday,False,7,32.2,26.2,28.9,81.0,5.6
2014-07-22,1,3,9551.319117000003,12055.167808,6748.075936,5307.091872,0.7923008015418579,Tuesday,False,7,36.0,26.7,30.6,72.0,0.0
2014-07-23,1,3,9932.192387000005,12255.683104,7250.28016,5005.4029439999995,0.8104152418691655,Wednesday,False,7,36.3,28.2,32.1,69.0,0.0
2014-07-24,1,3,9914.603283999995,12296.850592,7516.443424,4780.407168000001,0.8062717530657947,Thursday,False,7,34.4,26.5,31.6,58.0,0.1
2014-07-25,1,3,9304.383910999999,11619.1816,6804.534976,4814.646624,0.8007779059929659,Friday,False,7,25.7,24.7,,,
2014-07-26,1,3,8820.503056,11118.87808,6734.953792,4383.924288,0.7932907432329719,Saturday,True,7,32.7,26.0,28.2,85.0,13.9
2014-07-27,1,2,7459.49249,8744.010592,6119.0416,2624.968992000001,0.853097375799702,Sunday,True,7,32.2,26.2,27.9,84.0,16.6
2014-07-28,1,3,8907.923293000002,11652.35968,5649.053632,6003.3060479999995,0.7644737664843523,Monday,False,7,34.6,25.8,29.4,74.0,0.0
2014-07-29,1,3,9453.801067000002,11844.79936,6803.496256,5041.3031040000005,0.7981394010712902,Tuesday,False,7,35.3,26.7,30.3,71.0,0.0
2014-07-30,1,3,9591.013836,11956.045024,6976.223584,4979.821439999999,0.80218950470222,Wednesday,False,7,35.6,27.4,30.9,67.0,0.0
2014-07-31,1,3,9627.493274999999,11964.129088,7111.430272,4852.698816,0.8046965394795311,Thursday,False,7,36.1,27.3,31.4,69.0,0.0
2014-08-01,1,3,9469.982112999996,11958.612832,7144.677376,4813.935456000001,0.7918963717647345,Friday,False,8,36.7,26.1,31.8,68.0,0.2
2014-08-02,1,3,8866.875708,11304.133792,6578.293792,4725.84,0.7843923179921258,Saturday,True,8,34.6,25.4,29.1,75.0,2.0
2014-08-03,1,2,7571.267698,8808.347488,6124.71856,2683.628927999999,0.8595559732758808,Sunday,True,8,34.7,24.1,28.7,79.0,74.7
2014-08-04,1,3,9114.829344,11724.250912,6061.742464,5662.508448,0.7774338345719635,Monday,False,8,32.9,26.3,29.5,80.0,26.1
2014-08-05,1,3,9568.663358999998,11991.594976,6925.48096,5066.114016,0.7979475105814313,Tuesday,False,8,34.4,27.0,30.3,74.0,0.0
2014-08-06,1,3,9517.853962000003,11828.187808,7016.193952,4811.993856000001,0.8046755865308968,Wednesday,False,8,33.6,27.5,29.8,78.0,0.0
2014-08-07,1,3,9399.163351,11748.75904,6922.36096,4826.398080000001,0.8000132881268113,Thursday,False,8,32.4,26.5,28.9,84.0,5.2
2014-08-08,1,3,9467.378573000002,11896.866208,6758.67856,5138.187647999999,0.795787597126519,Friday,False,8,33.9,26.2,29.9,76.0,0.0
2014-08-09,1,3,9154.241301,11362.410592,6885.926368,4476.484224,0.805660139358569,Saturday,True,8,33.9,27.2,30.1,75.0,0.0
2014-08-10,1,3,7758.337438999999,8822.225344,6484.428448,2337.7968960000007,0.8794082146492039,Sunday,True,8,33.5,27.8,30.1,76.0,0.0
2014-08-11,1,3,9266.743207000001,11944.990048,6149.03968,5795.950368,0.7757849248733004,Monday,False,8,33.7,27.8,29.7,78.0,0.0
2014-08-12,1,3,9492.983008000001,11897.07904,7056.908608,4840.170432000001,0.797925522397807,Tuesday,False,8,33.6,25.7,28.9,84.0,17.8
2014-08-13,1,3,8819.075303000003,11316.836896,6382.252192,4934.584704000001,0.7792880098958707,Wednesday,False,8,29.6,24.7,26.4,93.0,6.1
2014-08-14,1,3,8835.997757999998,11306.976256,6171.99904,5134.977216,0.7814642533905749,Thursday,False,8,31.9,26.0,27.9,87.0,0.4
2014-08-15,1,3,9038.769048000002,11576.30128,6275.432512,5300.868767999999,0.7807993960571836,Friday,False,8,33.9,26.5,29.2,79.0,0.0
2014-08-16,1,3,8715.451449999999,10989.96064,6429.277216,4560.683423999999,0.793037549040758,Saturday,True,8,32.6,25.6,28.6,77.0,15.1
2014-08-17,1,2,7517.754357999996,8738.14096,6085.851712,2652.289248000001,0.8603379588877672,Sunday,True,8,33.4,24.1,28.5,80.0,26.6
2014-08-18,1,3,9153.443787999999,11844.58096,5938.289728,5906.291232,0.7727959156100023,Monday,False,8,34.0,26.6,29.8,74.0,0.0
2014-08-19,1,3,9324.343246999999,11808.34192,7027.1584,4781.1835200000005,0.789640350031463,Tuesday,False,8,32.5,25.2,28.5,83.0,19.9
2014-08-20,1,3,8408.345074,10738.607488,6091.668928,4646.93856,0.783001435092587,Wednesday,False,8,26.6,23.9,24.8,95.0,54.5
2014-08-21,1,3,8597.586868999999,11222.663104,5800.09888,5422.564224,0.7660915051379947,Thursday,False,8,31.9,24.0,26.9,83.0,0.0
2014-08-22,1,3,8764.517727,11147.715616,6189.709408,4958.006208,0.7862164795826454,Friday,False,8,31.0,25.1,27.5,84.0,10.0
2014-08-23,1,3,8559.308433000004,10833.335296,6151.287808,4682.047487999999,0.7900898660600272,Saturday,True,8,32.9,25.3,28.6,78.0,0.0
2014-08-24,1,2,7361.811208,8588.65936,5978.645344,2610.014016,0.8571548712580447,Sunday,True,8,33.5,25.7,29.5,68.0,0.0
2014-08-25,1,3,8926.260377,11706.806848,5679.257536,6027.549312,0.7624846376042302,Monday,False,8,34.7,25.7,29.7,70.0,0.0
2014-08-26,1,3,9390.998313,11807.650912,6740.557216,5067.093695999999,0.795331635647868,Tuesday,False,8,34.3,26.3,30.0,70.0,0.0
2014-08-27,1,3,9449.164279999999,11830.613152,6884.97856,4945.634592,0.7987045268573075,Wednesday,False,8,33.2,26.5,30.1,65.0,0.0
2014-08-28,1,3,9468.561102,11823.34,6932.10112,4891.23888,0.8008364051105694,Thursday,False,8,33.2,27.5,30.1,66.0,0.0
2014-08-29,1,3,9472.753051,11842.773472,6911.789728,4930.983744000001,0.7998762345152116,Friday,False,8,34.0,26.7,29.9,70.0,0.0
2014-08-30,1,3,9010.539982,11133.829408,6839.655136,4294.174271999999,0.8092938783062051,Saturday,True,8,34.4,26.4,30.2,68.0,0.0
2014-08-31,1,2,7346.055780999999,8524.867168,6269.987968,2254.8792000000003,0.8617208498655634,Sunday,True,8,32.5,25.0,28.4,76.0,14.6
2014-09-01,1,3,8516.279525999995,11156.075296,5368.685824,5787.389472000001,0.7633759453966305,Monday,False,9,33.0,25.7,27.4,85.0,23.1
2014-09-02,1,3,9161.077949,11585.051872,6410.39968,5174.652192,0.7907671066317346,Tuesday,False,9,33.9,25.5,29.1,77.0,0.0
2014-09-03,1,3,9474.388597,11824.95808,6838.887328,4986.0707520000005,0.8012196350213192,Wednesday,False,9,34.8,27.0,30.2,71.0,0.0
2014-09-04,1,3,9547.091248,11893.60096,6946.12144,4947.47952,0.8027082193280513,Thursday,False,9,35.1,26.7,30.3,66.0,0.9
2014-09-05,1,3,9209.310216000003,11775.484384,7069.632352,4705.852032,0.7820748527774536,Friday,False,9,32.6,25.0,28.0,78.0,2.4
2014-09-06,1,3,8558.699425999997,10734.942784,6303.954016,4430.988768000001,0.7972748060433441,Saturday,True,9,33.7,24.8,28.7,73.0,0.0
2014-09-07,1,2,6910.255171000004,7954.433632,5948.4184,2006.0152320000007,0.8687300052640635,Sunday,True,9,33.6,27.1,29.5,72.0,0.2
2014-09-08,1,1,4917.576440999998,6028.771552,4302.492832,1726.2787200000002,0.8156846545908061,Monday,False,9,30.5,25.6,27.8,84.0,38.0
2014-09-09,1,2,7812.638258999999,10870.663744,3852.543904,7018.119839999999,0.7186900858111944,Tuesday,False,9,32.2,26.0,28.4,82.0,3.0
2014-09-10,1,3,9082.143046000003,11489.797216,6348.189088,5141.608128000001,0.7904528578931538,Wednesday,False,9,34.2,26.7,29.5,74.0,0.0
2014-09-11,1,3,9298.987943,11616.628768,6684.393472,4932.235296000001,0.8004893785205274,Thursday,False,9,34.2,25.9,29.1,77.0,5.7
2014-09-12,1,3,9089.692867999998,11428.926208,6730.705984,4698.220224000001,0.7953234365654938,Friday,False,9,31.5,26.3,27.9,80.0,7.0
2014-09-13,1,3,8755.256687000003,11091.143104,6373.450048,4717.693056000001,0.7893917340082318,Saturday,True,9,31.2,25.8,27.5,85.0,19.1
2014-09-14,1,2,7715.434138,9181.135936,6105.430048,3075.7058880000004,0.8403572490139415,Sunday,True,9,34.3,26.0,29.0,79.0,0.0
2014-09-15,1,3,8954.425207999999,11645.314336,5946.830752,5698.483584,0.7689294551988639,Monday,False,9,33.6,26.6,29.4,73.0,9.8
2014-09-16,1,3,8678.716125,11019.115936,6385.248928,4633.867008,0.7876054826364249,Tuesday,False,9,28.0,25.4,26.5,85.0,22.1
2014-09-17,1,3,8750.676682,11203.98064,6039.47968,5164.500959999999,0.7810328278110984,Wednesday,False,9,30.6,25.3,27.5,84.0,5.8
2014-09-18,1,3,9028.305358000003,11484.510592,6252.009088,5232.501504000001,0.7861288720730542,Thursday,False,9,33.7,25.5,29.0,76.0,0.0
2014-09-19,1,3,9370.313866999997,11757.929728,6657.49888,5100.430847999999,0.796935692232094,Friday,False,9,34.8,26.6,30.2,71.0,0.0
2014-09-20,1,3,8762.988030999995,10914.515296,6760.767808,4153.747488,0.8028746850729591,Saturday,True,9,31.7,26.5,28.5,66.0,0.0
2014-09-21,1,2,6933.7381970000015,8232.12064,5703.112192,2529.0084479999996,0.8422784966620706,Sunday,True,9,27.7,24.5,26.2,63.0,0.0
2014-09-22,1,3,8192.716639000002,10903.147168,5067.214816,5835.932352,0.7514084248119728,Monday,False,9,30.6,23.5,27.1,62.0,0.0
2014-09-23,1,3,8538.899818000005,10971.0616,5860.634656,5110.426944000001,0.7783111725486989,Tuesday,False,9,31.6,23.5,27.3,65.0,1.3
2014-09-24,1,3,8746.696138999998,11153.924704,6113.90128,5040.023423999999,0.7841810278550002,Wednesday,False,9,31.4,24.4,27.7,72.0,0.0
2014-09-25,1,3,8960.970210000001,11346.385024,6306.430432,5039.954591999999,0.7897643338425109,Thursday,False,9,33.5,25.3,28.7,70.0,0.0
2014-09-26,1,3,9070.551599999999,11415.745024,6473.783584,4941.96144,0.7945650135782149,Friday,False,9,33.1,25.4,28.8,70.0,0.0
2014-09-27,1,3,8974.521684000001,11251.84096,6547.089088,4704.751872,0.7976047400513562,Saturday,True,9,34.0,26.9,29.1,70.0,0.0
2014-09-28,1,3,8407.795197000001,10300.950592,6420.1816,3880.7689919999993,0.8162154669035813,Sunday,True,9,34.0,25.5,29.2,69.0,0.0
2014-09-29,1,3,8954.454006,11274.056896,6263.770048,5010.286848,0.7942530438334946,Monday,False,9,34.1,26.1,29.6,70.0,0.0
2014-09-30,1,3,8420.364339,10878.967168,6566.456416,4312.510751999999,0.7740040216104456,Tuesday,False,9,35.2,26.9,30.3,71.0,0.0
2014-10-01,1,1,4798.733981999998,6561.0016,3894.723232,2666.278368,0.731402653826513,Wednesday,False,10,32.7,23.9,28.2,74.0,44.3
2014-10-02,1,1,4565.6086129999985,5395.132672,3394.698208,2000.434464,0.8462458461299538,Thursday,False,10,32.8,25.3,29.0,71.0,0.2
2014-10-03,1,1,5233.924229,6144.4984,3740.4088,2404.0896000000002,0.8518065899406858,Friday,False,10,33.1,24.4,28.4,72.0,30.6
2014-10-04,1,2,6561.955825,8400.347488,4183.884064,4216.463424,0.7811529028262028,Saturday,True,10,31.7,24.3,27.4,73.0,0.2
2014-10-05,1,2,6913.061733999999,8578.022464,5045.022784,3532.99968,0.8059038971992134,Sunday,True,10,30.4,23.5,27.0,61.0,0.0
2014-10-06,1,2,7702.229016999999,10044.64,5051.414656,4993.2253439999995,0.766799906915529,Monday,False,10,29.6,22.6,26.5,43.0,0.0
2014-10-07,1,2,7856.228470999999,10055.464384,5519.165824,4536.298560000001,0.7812894731645244,Tuesday,False,10,28.8,22.0,25.7,48.0,0.0
2014-10-08,1,2,7881.101512,10135.604704,5456.775136,4678.829567999999,0.7775659906004164,Wednesday,False,10,28.4,21.3,24.9,56.0,0.0
2014-10-09,1,3,8016.002057000001,10324.733152,5575.47952,4749.253632000001,0.7763883035996164,Thursday,False,10,29.5,23.1,26.0,50.0,0.0
2014-10-10,1,3,7986.198384000003,10221.896896,5595.909568,4625.987328,0.7812834022152128,Friday,False,10,29.1,22.5,25.7,54.0,0.0
2014-10-11,1,2,7928.284585999999,10221.417856,5617.553632,4603.864224,0.7756540919952778,Saturday,True,10,31.2,23.2,26.9,54.0,0.0
2014-10-12,1,2,6797.187240999997,8157.102784,5469.808288,2687.2944959999995,0.8332844909509476,Sunday,True,10,30.6,23.3,26.9,51.0,0.0
2014-10-13,1,2,7633.6578020000015,10100.516896,4851.856576,5248.660319999999,0.7557690245558698,Monday,False,10,28.5,22.4,25.5,44.0,0.0
2014-10-14,1,2,7741.784001000003,9959.242144,5374.169728,4585.072416,0.7773466985802814,Tuesday,False,10,27.9,21.4,24.3,49.0,0.0
2014-10-15,1,2,7693.4952120000025,9915.386848,5329.014976,4586.371872,0.7759147807280794,Wednesday,False,10,28.2,19.6,23.9,53.0,0.0
2014-10-16,1,2,7744.091830999998,9990.722464,5374.152832,4616.569632000001,0.77512831118116,Thursday,False,10,29.3,21.2,24.6,64.0,0.0
2014-10-17,1,2,7730.110642999999,9968.843104,5326.287328,4642.555775999999,0.7754270543086681,Friday,False,10,28.7,19.8,24.4,59.0,0.0
2014-10-18,1,2,7488.990379999997,9560.813152,5372.50096,4188.312192,0.7833005687840887,Saturday,True,10,29.2,20.4,24.6,63.0,0.0
2014-10-19,1,2,6318.744234999997,7594.665184,5093.405344,2501.2598400000006,0.8319977355041221,Sunday,True,10,29.9,22.1,25.6,68.0,0.0
2014-10-20,1,2,7718.397468999999,10372.987168,4542.431392,5830.555775999999,0.7440862833428311,Monday,False,10,30.4,21.9,25.7,72.0,0.0
2014-10-21,1,3,8325.223411,10712.050912,5694.503584,5017.547328000001,0.7771829577166969,Tuesday,False,10,32.0,24.2,27.2,72.0,0.0
2014-10-22,1,3,8214.302374,10450.447168,5840.86,4609.587168000001,0.7860240085374307,Wednesday,False,10,29.7,24.5,26.5,61.0,0.0
2014-10-23,1,2,7877.3184049999945,9952.48,5654.308288,4298.171711999999,0.7914930153087466,Thursday,False,10,26.4,23.4,24.5,58.0,0.0
2014-10-24,1,2,7833.995604000001,9988.972192,5506.926208,4482.045983999999,0.7842644321579068,Friday,False,10,26.6,22.4,24.2,71.0,0.0
2014-10-25,1,2,7517.245887999999,9595.0816,5391.034816,4204.046783999999,0.7834478331064948,Saturday,True,10,28.3,21.3,24.3,76.0,0.0
2014-10-26,1,2,6400.824172999997,7680.726208,5122.265824,2558.460384,0.8333618462187993,Sunday,True,10,28.8,22.6,25.2,74.0,0.1
2014-10-27,1,2,7698.512278000001,10289.545024,4674.284704,5615.260319999999,0.7481878217203476,Monday,False,10,31.8,22.9,26.6,66.0,0.0
2014-10-28,1,2,7901.671416000002,10134.795616,5479.617376,4655.178239999999,0.7796576976377776,Tuesday,False,10,29.9,21.9,25.8,60.0,0.0
2014-10-29,1,3,8008.182050000004,10323.816256,5541.905344,4781.910912,0.7756997849846277,Wednesday,False,10,30.3,23.8,26.1,64.0,0.0
2014-10-30,1,3,8021.506985000001,10289.09968,5578.865824,4710.233855999999,0.7796121365790871,Thursday,False,10,29.6,23.2,26.0,67.0,0.0
2014-10-31,1,2,7842.318512000003,10032.943744,5544.402304,4488.54144,0.7816567811107227,Friday,False,10,30.5,22.2,25.8,74.0,0.0
2014-11-01,1,2,7261.965198000003,9277.877536,5293.823584,3984.053952,0.7827183717204869,Saturday,True,11,31.3,22.9,26.2,78.0,0.0
2014-11-02,1,2,5736.063174000003,6778.602784,4577.497696,2201.1050879999993,0.8462014012001449,Sunday,True,11,25.9,22.7,24.3,77.0,1.2
2014-11-03,1,2,6782.311917999999,9080.948128,3919.802944,5161.145184,0.7468726637791889,Monday,False,11,22.6,19.5,20.4,56.0,0.0
2014-11-04,1,2,7252.651347000002,9266.029408,4993.692352,4272.337056,0.7827140437022884,Tuesday,False,11,24.4,19.9,21.6,58.0,0.0
2014-11-05,1,2,7439.722511,9540.623104,5118.237856,4422.3852480000005,0.7797941947712852,Wednesday,False,11,25.4,21.4,23.3,72.0,0.0
2014-11-06,1,2,7491.739027999997,9571.609408,5243.345344,4328.264064,0.782704215002585,Thursday,False,11,23.9,21.2,22.4,84.0,0.1
2014-11-07,1,2,7350.9745710000025,9330.063424,5135.207488,4194.855936,0.787880450211182,Friday,False,11,22.3,17.7,19.8,85.0,1.0
2014-11-08,1,2,6968.838656,8934.409408,5055.45952,3878.949887999999,0.7799999236390489,Saturday,True,11,20.2,16.9,18.2,94.0,9.9
2014-11-09,1,2,5780.684434999998,6924.505984,4669.590592,2254.915392000001,0.8348154291955332,Sunday,True,11,22.5,18.5,19.8,77.0,0.0
2014-11-10,1,2,6937.024028999999,9219.892192,4151.307328,5068.5848639999995,0.7523975209839416,Monday,False,11,23.4,18.6,20.5,82.0,0.0
2014-11-11,1,2,7294.753981999999,9297.266848,5039.565184,4257.701663999999,0.7846127363300566,Tuesday,False,11,22.8,19.5,20.7,87.0,1.7
2014-11-12,1,2,7279.637616000003,9262.50064,5077.452352,4185.048288,0.7859257341978443,Wednesday,False,11,20.7,17.8,19.5,87.0,0.6
2014-11-13,1,2,7240.361184000001,9200.171872,5046.385504,4153.786368000001,0.7869810786943525,Thursday,False,11,19.6,17.4,18.5,73.0,0.0
2014-11-14,1,2,7203.929370999999,9148.137856,5038.189408,4109.948447999999,0.787474946748332,Friday,False,11,21.7,17.2,18.8,71.0,0.0
2014-11-15,1,2,6846.206856000002,8740.392832,4969.66192,3770.730912,0.7832836564204443,Saturday,True,11,25.6,18.2,21.1,67.0,0.0
2014-11-16,1,2,5519.904243000002,6586.887808,4518.811072,2068.076736,0.8380140065989722,Sunday,True,11,26.5,17.7,21.8,69.0,0.0
2014-11-17,1,2,6765.934042000001,9028.193152,3879.82048,5148.3726719999995,0.7494228278114714,Monday,False,11,23.5,17.0,20.1,62.0,0.0
2014-11-18,1,2,7174.142193999996,9109.968448,4930.464064,4179.504384,0.7875046148568172,Tuesday,False,11,22.7,15.1,18.6,64.0,0.0
2014-11-19,1,2,7195.957451999995,9118.42,4982.845504,4135.574496,0.7891671421145324,Wednesday,False,11,23.2,16.7,19.4,60.0,0.0
2014-11-20,1,2,7219.4788,9155.295616,5014.510048,4140.785567999999,0.788557694126564,Thursday,False,11,24.8,15.9,19.9,64.0,0.0
2014-11-21,1,2,7235.328013000001,9175.47904,5013.451552,4162.027488,0.7885504376891913,Friday,False,11,26.1,17.1,21.1,72.0,0.0
2014-11-22,1,2,7008.765659,8942.85808,5007.532672,3935.3254079999997,0.7837277072163936,Saturday,True,11,27.8,18.0,22.3,74.0,0.0
2014-11-23,1,2,5864.029069000001,7039.316416,4707.294016,2332.0224,0.8330395627154035,Sunday,True,11,28.5,19.2,23.1,75.0,0.0
2014-11-24,1,2,7080.761333999999,9447.367168,4218.0616,5229.305568000001,0.7494957280779625,Monday,False,11,28.5,19.4,23.4,75.0,0.0
2014-11-25,1,2,7428.999898000001,9462.94096,5141.008768,4321.932192,0.785062479984024,Tuesday,False,11,27.7,19.5,23.4,79.0,0.0
2014-11-26,1,2,7386.132817999999,9395.15968,5146.7392,4248.420480000001,0.786163627822449,Wednesday,False,11,26.8,19.0,22.5,76.0,0.0
2014-11-27,1,2,7376.1171879999965,9414.708448,5091.3016,4323.406848,0.7834674040880079,Thursday,False,11,27.7,19.7,23.0,76.0,0.0
2014-11-28,1,2,7411.667458999999,9453.63808,5120.229088,4333.408992000001,0.7840016082993521,Friday,False,11,26.9,21.6,23.6,80.0,0.0
2014-11-29,1,2,7056.1053299999985,9057.151552,5138.516416,3918.635135999999,0.7790645093535914,Saturday,True,11,28.2,22.6,24.8,81.0,0.0
2014-11-30,1,2,5563.005402,6592.187488,4580.90128,2011.2862079999995,0.8438785171275153,Sunday,True,11,28.3,23.0,25.2,82.0,0.0
2014-12-01,1,2,6449.135627,8594.407168,3723.242944,4871.164224,0.7503874904847887,Monday,False,12,25.6,16.5,19.9,70.0,0.3
2014-12-02,1,2,6998.600267000002,8955.685984,4733.876896,4221.809088,0.7814700380856947,Tuesday,False,12,16.5,12.4,13.9,82.0,3.6
2014-12-03,1,2,7079.237940000003,9002.762464,4874.905504,4127.856959999999,0.7863406335897749,Wednesday,False,12,17.9,12.8,15.1,92.0,6.0
2014-12-04,1,2,7166.989860999998,9073.794976,4949.853952,4123.941023999999,0.7898558298877745,Thursday,False,12,16.7,10.0,13.4,79.0,8.4
2014-12-05,1,2,7156.666282999999,9103.157536,4948.36096,4154.796576000001,0.786174056056674,Friday,False,12,18.0,11.6,14.0,48.0,0.0
2014-12-06,1,2,6836.140296000001,8742.8416,4875.327808,3867.5137919999997,0.781912861832016,Saturday,True,12,19.2,12.4,15.2,55.0,0.0
2014-12-07,1,2,5742.935664,6897.6784,4584.390112,2313.2882879999997,0.8325896527736056,Sunday,True,12,16.8,13.4,14.7,76.0,0.7
2014-12-08,1,2,6783.431559000001,8899.703104,4064.904544,4834.79856,0.7622087478346514,Monday,False,12,19.6,11.9,14.9,81.0,3.2
2014-12-09,1,2,7106.013664000002,9011.366848,4889.382784,4121.984063999999,0.7885611343829737,Tuesday,False,12,22.7,15.4,18.2,64.0,0.0
2014-12-10,1,2,7150.667515,9039.853792,4957.948288,4081.9055040000003,0.7910158371508317,Wednesday,False,12,23.1,16.2,19.4,66.0,0.0
2014-12-11,1,2,7140.5962249999975,9023.353792,4971.811552,4051.5422399999998,0.7913461435293346,Thursday,False,12,20.1,15.3,17.1,60.0,0.0
2014-12-12,1,2,7157.913763000001,9060.282784,4956.332032,4103.950752000001,0.7900320479665948,Friday,False,12,16.6,11.0,13.1,52.0,0.0
2014-12-13,1,2,6855.1882,8736.894016,4918.45984,3818.4341759999998,0.7846253127765994,Saturday,True,12,16.6,8.2,12.3,38.0,0.0
2014-12-14,1,2,5580.151346999998,6688.216096,4505.642464,2182.5736320000005,0.8343258152704278,Sunday,True,12,18.9,9.5,13.7,45.0,0.0
2014-12-15,1,2,6737.633872000002,8909.042464,3901.02016,5008.022304,0.7562691388244799,Monday,False,12,19.0,13.1,15.5,60.0,0.0
2014-12-16,1,2,7014.665661999999,8885.7184,4811.97904,4073.7393599999996,0.7894314613886481,Tuesday,False,12,17.5,13.9,15.8,44.0,0.0
2014-12-17,1,2,7094.243409999999,9030.537856,4833.214336,4197.323520000001,0.7855837075403539,Wednesday,False,12,15.5,8.8,12.2,24.0,0.0
2014-12-18,1,2,7165.763924999999,9084.294976,4852.912192,4231.382783999999,0.788807931042683,Thursday,False,12,14.5,7.9,11.2,35.0,0.0
2014-12-19,1,2,7202.132050000001,9193.457536,4854.852352,4338.605184,0.7833975435028323,Friday,False,12,13.1,9.5,11.0,79.0,4.7
2014-12-20,1,2,6754.4839630000015,8626.00096,4761.836896,3864.1640639999996,0.7830377012849303,Saturday,True,12,18.1,7.5,12.0,67.0,0.1
2014-12-21,1,2,5688.339730999997,6910.726528,4450.887808,2459.8387199999997,0.8231174693359241,Sunday,True,12,19.2,11.0,14.5,55.0,0.0
2014-12-22,1,2,6731.449680999998,8891.494336,4035.111232,4856.383104,0.7570661833237204,Monday,False,12,16.2,7.8,12.2,33.0,0.0
2014-12-23,1,2,7175.442310999998,9112.796896,4789.606528,4323.190368,0.7874028569812205,Tuesday,False,12,13.4,9.3,11.4,63.0,0.8
2014-12-24,1,2,7095.792178000002,9041.502784,4830.504064,4210.9987200000005,0.7848022997412376,Wednesday,False,12,20.3,10.4,14.3,79.0,0.0
2014-12-25,1,2,7122.141598999999,9055.009408,4861.555456,4193.453952,0.7865416012387205,Thursday,False,12,18.7,15.7,17.0,81.0,0.6
2014-12-26,1,2,7073.389654000001,8960.655616,4805.517856,4155.13776,0.7893830493128061,Friday,False,12,18.1,14.3,15.9,86.0,4.3
2014-12-27,1,2,6912.876737000002,8899.329088,4826.893792,4072.4352960000006,0.7767862800265963,Saturday,True,12,16.0,13.2,14.3,96.0,11.0
2014-12-28,1,2,6078.493121999999,7501.186048,4616.671072,2884.5149759999995,0.8103376030275472,Sunday,True,12,14.5,11.0,12.6,87.0,4.8
2014-12-29,1,2,6707.0431,8738.955616,4224.25984,4514.695776,0.7674879464681332,Monday,False,12,18.0,7.4,11.8,64.0,0.0
2014-12-30,1,2,6627.303336000002,8479.017856,4578.106048,3900.9118080000007,0.7816121452451393,Tuesday,False,12,19.6,7.6,13.3,59.0,0.0
2014-12-31,1,2,5880.430551000001,7797.769888,4313.017216,3484.7526719999996,0.7541169636269217,Wednesday,False,12,21.3,9.0,14.6,62.0,0.0
2014-01-01,2,1,5138.225299072916,6765.53551,3748.481751,3017.053759,0.7594705979265366,Wednesday,False,1,20.8,4.5,11.3,61.0,0.0
2014-01-02,2,2,6232.420476729166,8464.700806,3278.47475,5186.226056000001,0.7362836111480117,Thursday,False,1,21.4,5.3,12.1,77.0,0.0
2014-01-03,2,2,6703.741342729164,8642.119917,4141.438257,4500.68166,0.7757056610082634,Friday,False,1,24.0,11.7,16.1,81.0,0.0
2014-01-04,2,2,6550.9297090625,8350.459638,4269.594754,4080.8648840000005,0.7844992962125733,Saturday,True,1,20.4,11.8,16.3,55.0,0.0
2014-01-05,2,2,6253.3503334479165,7972.794309,4137.532746,3835.261563,0.7843360923520744,Sunday,True,1,20.3,6.8,12.8,58.0,0.0
2014-01-06,2,2,6656.79883434375,8729.255017,4042.420172,4686.834844999999,0.7625849882240587,Monday,False,1,20.7,7.9,13.0,76.0,0.0
2014-01-07,2,2,6769.981113968747,8695.937845,4205.924827,4490.013018000001,0.7785222519571432,Tuesday,False,1,21.0,11.4,16.1,79.0,0.2
2014-01-08,2,2,6821.274705885415,8759.741826,4331.371629,4428.370196999999,0.7787072771527382,Wednesday,False,1,17.3,12.4,15.7,85.0,0.5
2014-01-09,2,2,6869.796354062498,8862.603536,4375.445616,4487.157920000001,0.7751442706601174,Thursday,False,1,15.1,10.1,12.5,64.0,0.0
2014-01-10,2,2,6776.679826864583,8637.344704,4401.269441,4236.075262999999,0.7845790644115741,Friday,False,1,18.0,10.8,13.0,67.0,0.0
2014-01-11,2,2,6463.358680958333,8157.456119,4233.863931,3923.5921880000005,0.7923252772275603,Saturday,True,1,21.9,9.9,14.5,76.0,0.0
2014-01-12,2,2,6089.454327906248,7883.878289,4113.791899,3770.0863900000004,0.7723932441223216,Sunday,True,1,18.5,11.5,14.1,76.0,0.0
2014-01-13,2,2,6650.93700309375,8705.490987,3970.219095,4735.271891999999,0.763993324790717,Monday,False,1,13.4,7.7,10.5,65.0,0.0
2014-01-14,2,2,6691.587991447918,8612.529194,4272.707969,4339.821225000001,0.7769596875340261,Tuesday,False,1,16.2,6.1,10.5,63.0,0.0
2014-01-15,2,2,6564.452797343751,8300.758487,4227.657968,4073.1005189999987,0.7908256585978841,Wednesday,False,1,17.2,4.7,9.7,63.0,0.0
2014-01-16,2,2,6425.517366312495,8173.567237,4112.434384,4061.132853,0.7861337871211904,Thursday,False,1,19.2,3.9,10.0,71.0,0.0
2014-01-17,2,2,6302.733226437501,7961.160905,4048.432911,3912.727994,0.7916851953688155,Friday,False,1,20.6,5.6,11.6,72.0,0.0
2014-01-18,2,2,5962.985256041666,7487.698182,3941.485173,3546.213009,0.7963709421910652,Saturday,True,1,21.1,9.6,14.0,45.0,0.0
2014-01-19,2,1,5619.785215291667,7084.10097,3847.733412,3236.3675580000004,0.7932954709553873,Sunday,True,1,17.8,4.7,11.0,54.0,0.0
2014-01-20,2,2,5809.065330687503,7504.964861,3665.474001,3839.4908600000003,0.7740296508081815,Monday,False,1,20.5,5.3,11.8,60.0,0.0
2014-01-21,2,2,5726.241729125002,7341.719293,3705.937842,3635.7814510000003,0.7799592303378742,Tuesday,False,1,17.9,9.1,13.2,28.0,0.0
2014-01-22,2,1,5504.5156795625,7037.511094,3590.186966,3447.324128,0.7821679576825828,Wednesday,False,1,18.5,1.3,9.5,39.0,0.0
2014-01-23,2,1,5302.679124333333,6773.017023,3505.024749,3267.992274,0.7829124164794429,Thursday,False,1,18.9,1.9,8.8,63.0,0.0
2014-01-24,2,1,5039.733241031251,6482.204621,3414.648297,3067.5563239999997,0.7774721002642121,Friday,False,1,20.5,4.6,11.6,74.0,0.0
2014-01-25,2,1,4560.546362114584,5934.384802,3152.332361,2782.0524409999994,0.768495221371151,Saturday,True,1,22.0,13.2,16.5,80.0,0.0
2014-01-26,2,1,4278.493305645833,5532.934588,2931.58238,2601.3522080000002,0.7732774059764166,Sunday,True,1,25.5,14.5,18.3,75.0,0.0
2014-01-27,2,1,3920.8827731249967,5138.067376,2678.246122,2459.821254,0.7631045850896208,Monday,False,1,21.9,14.0,17.3,77.0,0.0
2014-01-28,2,1,3659.0419037187526,4826.422187,2476.743754,2349.678433,0.7581271927628722,Tuesday,False,1,22.3,10.4,15.1,81.0,0.0
2014-01-29,2,1,3356.67544371875,4498.243833,2279.722883,2218.5209500000005,0.7462190953486157,Wednesday,False,1,24.4,9.9,15.7,79.0,0.1
2014-01-30,2,1,3143.4401759895827,3907.604819,2126.590535,1781.0142840000003,0.8044416775988172,Thursday,False,1,25.4,10.0,16.2,77.0,0.1
2014-01-31,2,1,2845.6174203020823,3770.624329,2020.138467,1750.4858620000002,0.7546807032502129,Friday,False,1,25.4,10.2,16.8,73.0,0.0
2014-02-01,2,1,2854.0197755208333,3763.699499,2002.987509,1760.7119899999998,0.7583017125249067,Saturday,True,2,25.2,12.6,17.9,77.0,0.0
2014-02-02,2,1,2885.6128978125003,3943.923462,2000.132508,1943.7909540000003,0.7316604710044701,Sunday,True,2,25.6,11.6,17.3,80.0,0.0
2014-02-03,2,1,2980.9533520937493,4094.368619,2029.058199,2065.31042,0.7280617915691752,Monday,False,2,27.4,12.2,18.2,76.0,0.0
2014-02-04,2,1,3136.787555270834,4234.697549,2142.497759,2092.1997900000006,0.7407347322860327,Tuesday,False,2,22.2,12.7,17.1,82.0,0.0
2014-02-05,2,1,3298.6002614999993,4540.92199,2222.930062,2317.991928,0.7264164125180225,Wednesday,False,2,22.2,15.6,18.3,79.0,0.1
2014-02-06,2,1,3569.4331167916675,4880.58204,2371.442591,2509.1394490000002,0.7313539835080136,Thursday,False,2,23.8,16.9,19.7,78.0,0.0
2014-02-07,2,1,4153.956989093749,5512.795642,2576.435892,2936.35975,0.7535118765234557,Friday,False,2,23.2,11.7,19.1,84.0,0.8
2014-02-08,2,1,4466.618090416665,5968.837747,2843.931143,3124.906604,0.7483229197613277,Saturday,True,2,12.7,9.5,10.5,87.0,1.8
2014-02-09,2,1,4726.3268917395835,6349.004318,3023.736842,3325.2674760000004,0.7444201728356082,Sunday,True,2,10.4,7.8,9.0,94.0,11.5
2014-02-10,2,1,5418.3670362187495,7198.081596,3234.110539,3963.971057,0.7527515441377819,Monday,False,2,8.4,5.6,6.9,65.0,0.1
2014-02-11,2,2,5853.809710958332,7633.835181,3557.895375,4075.9398060000003,0.7668242203509963,Tuesday,False,2,6.4,3.7,5.1,55.0,0.0
2014-02-12,2,2,6169.334909052083,8079.067994,3769.920206,4309.147788,0.7636196295951218,Wednesday,False,2,6.8,3.7,5.0,75.0,1.0
2014-02-13,2,2,6411.804000406249,8281.762007,4018.271052,4263.490954999999,0.7742077102658583,Thursday,False,2,7.4,4.1,5.1,88.0,5.5
2014-02-14,2,2,6083.290872124999,7349.483076,4032.13759,3317.3454860000006,0.8277168352139217,Friday,False,2,13.0,4.4,7.9,62.0,0.0
2014-02-15,2,2,6118.400791052084,7865.095888,3887.714581,3977.3813069999997,0.7779181434249393,Saturday,True,2,9.3,5.7,7.2,71.0,0.0
2014-02-16,2,2,5857.861848572914,7486.767467,3897.862236,3588.9052309999997,0.7824287149818746,Sunday,True,2,15.9,8.1,11.3,79.0,0.0
2014-02-17,2,2,6270.253966708334,8129.250362,3741.659256,4387.591106,0.7713200710385912,Monday,False,2,21.4,12.7,15.8,84.0,0.0
2014-02-18,2,2,6630.512131406253,8624.854111,3984.315814,4640.538297000001,0.7687680331832865,Tuesday,False,2,16.0,7.1,12.6,91.0,3.6
2014-02-19,2,2,6912.347030833334,8957.430542,4269.708438,4687.722104,0.7716885995847149,Wednesday,False,2,9.7,5.4,6.9,82.0,6.4
2014-02-20,2,2,6765.826691874998,8572.480707,4364.196332,4208.284375,0.7892495676718467,Thursday,False,2,18.6,2.3,8.9,62.0,0.0
2014-02-21,2,2,6660.872523135419,8386.100542,4250.704392,4135.3961500000005,0.7942752999175071,Friday,False,2,17.6,4.8,10.0,70.0,0.0
2014-02-22,2,2,6470.389930062499,8145.558487,4119.235345,4026.323142,0.7943457701996731,Saturday,True,2,12.8,9.4,11.4,85.0,1.2
2014-02-23,2,2,5949.328125885418,7528.932106,4005.752911,3523.179195,0.7901954808629825,Sunday,True,2,22.2,11.0,14.9,74.0,0.9
2014-02-24,2,2,6462.500500739585,8408.75528,3777.365538,4631.389741999999,0.768544247697453,Monday,False,2,22.7,10.3,15.6,80.0,0.0
2014-02-25,2,2,6639.785736583332,8533.955411,4169.199754,4364.755657000001,0.778043171871376,Tuesday,False,2,23.9,15.4,18.9,80.0,0.5
2014-02-26,2,2,6684.399544750002,8699.571562,4156.708191,4542.8633709999995,0.7683596251966784,Wednesday,False,2,24.9,17.8,20.2,85.0,0.0
2014-02-27,2,2,6666.546911989583,8535.362105,4211.335099,4324.027006,0.7810502741394336,Thursday,False,2,26.1,15.5,20.3,75.0,0.0
2014-02-28,2,2,6555.3619543125,8227.439194,4154.408224,4073.0309700000007,0.7967682045092608,Friday,False,2,21.2,17.0,19.1,81.0,0.4
2014-03-01,2,2,6207.343336510417,7899.1425,4012.69588,3886.4466199999997,0.7858249596725743,Saturday,True,3,24.0,17.8,20.6,83.0,0.0
2014-03-02,2,2,5834.988651416668,7445.670313,3844.135876,3601.534437,0.7836753987386318,Sunday,True,3,21.5,14.7,17.1,81.0,0.0
2014-03-03,2,2,6619.877310072915,8630.876744,3843.433014,4787.443729999999,0.7669994030067585,Monday,False,3,15.7,13.8,14.5,93.0,0.0
2014-03-04,2,2,6840.774057124996,8742.322566,4225.942426,4516.380140000001,0.7824893219714442,Tuesday,False,3,16.0,14.1,14.8,93.0,0.2
2014-03-05,2,2,6814.278930489582,8638.477664,4292.714704,4345.76296,0.788828679720666,Wednesday,False,3,16.8,12.7,14.2,81.0,0.1
2014-03-06,2,2,6874.364685260418,8734.903618,4292.314482,4442.5891360000005,0.7869994891637301,Thursday,False,3,17.5,13.6,15.1,86.0,0.2
2014-03-07,2,2,6923.767443041669,8762.114737,4326.743371,4435.371366,0.7901936519735931,Friday,False,3,14.7,13.2,14.0,96.0,2.9
2014-03-08,2,2,6716.297658281253,8316.853503,4356.174917,3960.678586,0.807552718808693,Saturday,True,3,14.5,12.2,13.5,95.0,0.9
2014-03-09,2,2,6332.490500458333,8073.643948,4227.477936,3846.1660119999997,0.7843410659726969,Sunday,True,3,12.3,9.6,11.1,93.0,7.8
2014-03-10,2,2,6972.86334940625,9056.537188,4093.939588,4962.5976,0.7699259887813812,Monday,False,3,12.8,10.4,11.4,93.0,7.5
2014-03-11,2,2,7133.018688374998,9021.452385,4493.005542,4528.446843000001,0.7906729852318561,Tuesday,False,3,15.0,11.9,13.1,93.0,0.2
2014-03-12,2,2,7187.841355510416,9183.609128,4455.170789,4728.438339,0.7826815422267193,Wednesday,False,3,18.8,14.7,16.6,96.0,7.9
2014-03-13,2,2,7017.414691593749,8943.986924,4526.032393,4417.954531,0.7845958129437163,Thursday,False,3,23.0,16.6,19.0,79.0,18.0
2014-03-14,2,2,6935.617277281251,8718.607812,4399.722582,4318.88523,0.795495958395479,Friday,False,3,18.7,12.8,15.2,63.0,0.0
2014-03-15,2,2,6643.583124916666,8184.108421,4384.264177,3799.844244,0.8117662649568003,Saturday,True,3,16.4,12.2,14.0,67.0,0.1
2014-03-16,2,2,6059.39174840625,7602.80653,4153.534836,3449.271694,0.7969940737668949,Sunday,True,3,19.3,13.6,15.8,78.0,0.0
2014-03-17,2,2,6783.809815906247,8994.639063,3926.282072,5068.356991000001,0.7542058962445602,Monday,False,3,24.0,16.0,19.1,81.0,0.0
2014-03-18,2,2,7052.575725479165,8986.855395,4444.766472,4542.088923,0.7847656844910393,Tuesday,False,3,25.7,18.4,21.3,84.0,0.0
2014-03-19,2,2,7101.72560223958,8991.56426,4542.507746,4449.056513999999,0.7898209251345084,Wednesday,False,3,27.4,18.2,22.0,80.0,0.0
2014-03-20,2,2,7113.513356479166,8996.515625,4504.932953,4491.582672,0.7906964932858843,Thursday,False,3,27.3,16.4,20.2,83.0,0.6
2014-03-21,2,2,6942.020424104166,8745.971415,4436.368988,4309.602427,0.7937392079967329,Friday,False,3,17.1,12.9,14.2,61.0,0.6
2014-03-22,2,2,6698.418481874999,8443.816415,4406.964408,4036.8520069999995,0.7932927662870083,Saturday,True,3,21.5,12.2,15.5,65.0,0.0
2014-03-23,2,2,6185.860723270834,7750.129063,4293.689457,3456.439606,0.7981622851679772,Sunday,True,3,24.5,14.3,18.3,67.0,0.0
2014-03-24,2,2,6871.2612147187465,8950.344013,4096.664318,4853.679695,0.7677091746125654,Monday,False,3,26.1,11.8,18.5,68.0,0.0
2014-03-25,2,2,7151.749843062502,9201.645987,4506.241192,4695.4047949999995,0.7772250587738789,Tuesday,False,3,27.0,15.8,20.8,74.0,0.0
2014-03-26,2,2,7240.640308614584,9164.492368,4574.736093,4589.756274999999,0.790075436572679,Wednesday,False,3,28.5,16.6,21.6,79.0,0.0
2014-03-27,2,2,7287.9200193125,9244.599721,4663.584795,4581.014926000001,0.7883434912554717,Thursday,False,3,27.2,16.9,21.8,79.0,0.0
2014-03-28,2,2,7378.090663583337,9258.67898,4754.773816,4503.905164000001,0.7968837324980174,Friday,False,3,25.6,20.8,23.2,82.0,0.0
2014-03-29,2,2,7009.529641416666,8757.751677,4667.305715,4090.445962,0.8003800404418188,Saturday,True,3,24.5,20.8,22.9,88.0,10.0
2014-03-30,2,2,6332.464188197918,7895.529638,4279.682657,3615.8469809999997,0.8020315898404988,Sunday,True,3,21.1,19.3,20.2,96.0,136.4
2014-03-31,2,2,6644.505977864585,8530.334013,4023.360642,4506.973371,0.7789268237021594,Monday,False,3,21.8,18.4,19.8,94.0,81.1
2014-04-01,2,2,6832.391647531254,8637.615625,4322.046825,4315.5688,0.7910043632592477,Tuesday,False,4,21.4,18.0,19.4,93.0,11.8
2014-04-02,2,2,6973.632843333332,8837.119211,4358.848528,4478.270682999999,0.7891296560368798,Wednesday,False,4,23.3,17.8,19.2,92.0,34.5
2014-04-03,2,2,7043.090947260415,8875.359424,4496.906785,4378.452639,0.7935555745736991,Thursday,False,4,26.0,18.4,20.7,88.0,36.2
2014-04-04,2,2,6772.251212041664,8579.675197,4591.106201,3988.568996000001,0.7893365490583691,Friday,False,4,25.9,16.8,21.3,80.0,18.5
2014-04-05,2,1,5251.396280218751,6482.231587,3989.429169,2492.802418,0.8101216702516973,Saturday,True,4,26.8,14.8,20.3,76.0,0.0
2014-04-06,2,1,5589.929669156249,7267.808882,3558.69417,3709.114712,0.7691354794703926,Sunday,True,4,20.2,17.2,17.9,92.0,16.2
2014-04-07,2,2,6436.16428334375,8383.155428,3925.69755,4457.457878,0.7677496067705916,Monday,False,4,22.2,17.3,19.2,89.0,0.0
2014-04-08,2,2,6999.07727102083,8915.721415,4338.158816,4577.562599,0.7850264656369179,Tuesday,False,4,23.8,19.0,20.9,89.0,0.8
2014-04-09,2,2,7275.883898593754,9157.727006,4597.640024,4560.086981999999,0.7945076211407819,Wednesday,False,4,28.6,19.5,23.3,82.0,0.0
2014-04-10,2,2,7346.064039197915,9136.33579,4730.808996,4405.526793999999,0.8040492608906087,Thursday,False,4,26.9,21.1,23.4,80.0,0.0
2014-04-11,2,2,7422.233911614582,9329.645247,4751.306842,4578.338405,0.7955537123987906,Friday,False,4,27.6,20.0,23.2,76.0,0.0
2014-04-12,2,2,7250.209391958334,8970.899671,4791.38278,4179.516890999999,0.8081920050221834,Saturday,True,4,29.0,21.7,24.6,77.0,0.0
2014-04-13,2,2,6970.051913531249,8679.774638,4716.050058,3963.724580000001,0.8030222216849277,Sunday,True,4,33.2,22.0,26.9,74.0,0.0
2014-04-14,2,2,7691.283817989585,9774.574935,4938.673109,4835.901826,0.7868663209536881,Monday,False,4,26.2,23.3,24.4,84.0,0.8
2014-04-15,2,2,7487.417352854165,9388.37477,4929.348693,4459.026077,0.7975200752296092,Tuesday,False,4,25.8,20.9,23.2,70.0,0.0
2014-04-16,2,2,7460.817121666663,9241.158355,4814.638142,4426.520213,0.8073465289803125,Wednesday,False,4,25.1,20.6,23.0,75.0,0.0
2014-04-17,2,2,7704.035129812498,9816.556826,4853.204663,4963.352163,0.7848001357673288,Thursday,False,4,29.1,21.5,24.7,77.0,0.0
2014-04-18,2,2,7843.654096604164,9943.827713,5009.205592,4934.622121,0.7887962586429179,Friday,False,4,28.9,19.8,24.3,78.0,0.0
2014-04-19,2,2,7588.228160531249,9346.405198,5084.940864,4261.464334,0.8118873513161,Saturday,True,4,29.4,20.8,24.6,80.0,0.0
2014-04-20,2,2,7086.601046989581,8595.941612,5088.771588,3507.170024000001,0.8244124223804209,Sunday,True,4,28.3,23.1,25.2,85.0,0.0
2014-04-21,2,2,7934.2515651250005,10226.813767,4898.503372,5328.3103949999995,0.7758283025283333,Monday,False,4,27.5,23.7,25.3,82.0,0.0
2014-04-22,2,2,7872.095091739582,9977.77199,5225.052417,4752.719572999999,0.7889632174025639,Tuesday,False,4,25.1,22.5,23.7,87.0,0.2
2014-04-23,2,2,7578.709832437501,9464.343618,4995.522772,4468.8208460000005,0.8007644416062558,Wednesday,False,4,23.4,20.2,21.7,93.0,3.3
2014-04-24,2,2,7560.767379697915,9572.580098,4917.131834,4655.448264000001,0.7898358961005285,Thursday,False,4,24.9,21.2,22.8,87.0,0.0
2014-04-25,2,2,7738.98099647917,9662.276677,4979.568018,4682.708659,0.8009479810178666,Friday,False,4,27.0,22.4,24.3,83.0,0.0
2014-04-26,2,2,7355.889120697918,9507.064358,5057.024458,4450.0399,0.7737287603936422,Saturday,True,4,25.6,20.9,23.2,90.0,20.0
2014-04-27,2,2,6902.966174979167,8489.522912,4787.137672,3702.3852400000005,0.8131159131712543,Sunday,True,4,28.8,20.0,23.4,82.0,0.2
2014-04-28,2,2,7482.552814979168,9487.048602,4589.914071,4897.134531000001,0.7887123940106876,Monday,False,4,29.6,20.2,24.0,66.0,0.0
2014-04-29,2,2,7578.2863011354175,9529.720066,5021.608594,4508.111472,0.7952265385184943,Tuesday,False,4,28.0,19.1,23.7,68.0,0.0
2014-04-30,2,2,6773.48597960417,8722.776678,4647.866333,4074.9103450000002,0.7765286478888999,Wednesday,False,4,21.1,17.7,18.6,94.0,34.4
2014-05-01,2,1,4981.628737531249,6295.650535,3800.53069,2495.1198449999997,0.7912810137469374,Thursday,False,5,24.1,17.1,19.9,90.0,15.7
2014-05-02,2,1,5588.087449197918,7481.089087,3277.799824,4203.289263000001,0.7469617570666844,Friday,False,5,28.8,20.6,23.7,81.0,0.0
2014-05-03,2,2,6596.923964645831,8421.884424,4020.70032,4401.184104,0.7833073493441034,Saturday,True,5,30.4,21.2,25.0,75.0,0.0
2014-05-04,2,2,7114.6154826041675,8996.773257,4579.802985,4416.9702720000005,0.7907963532446027,Sunday,True,5,24.7,21.7,23.1,81.0,7.1
2014-05-05,2,2,7051.739625895833,8946.797402,4587.635929,4359.161473,0.7881859070955894,Monday,False,5,22.6,16.9,19.2,89.0,62.1
2014-05-06,2,2,7093.981243489582,8898.831678,4575.716957,4323.114721000001,0.7971811918892193,Tuesday,False,5,21.0,16.8,18.4,92.0,10.3
2014-05-07,2,2,7166.7154617916685,8973.90347,4636.230213,4337.6732569999995,0.7986174005270049,Wednesday,False,5,20.4,18.5,19.2,95.0,59.1
2014-05-08,2,2,7264.558105843749,9141.212368,4662.304589,4478.907779,0.7947040078922438,Thursday,False,5,23.1,19.4,21.0,95.0,40.8
2014-05-09,2,2,7307.036353927084,9330.845428,4701.021266,4629.824162000001,0.7831054978148206,Friday,False,5,22.2,20.7,21.4,95.0,26.4
2014-05-10,2,2,7103.123053958334,8803.298027,4722.637813,4080.6602140000005,0.8068706787130033,Saturday,True,5,25.8,21.0,23.1,89.0,0.9
2014-05-11,2,2,6668.706434104166,8145.548981,4681.537846,3464.0111349999997,0.8186933071864572,Sunday,True,5,24.9,22.7,23.7,91.0,14.7
2014-05-12,2,2,7488.684757885417,9492.48681,4536.172385,4956.3144250000005,0.7889065223663362,Monday,False,5,26.1,22.4,23.9,93.0,2.0
2014-05-13,2,2,8250.676035062503,10665.212154,5058.228907,5606.983247000001,0.7736063676865609,Tuesday,False,5,30.4,23.9,26.3,89.0,8.2
2014-05-14,2,3,8716.908037552084,11043.084869,5565.759679,5477.3251900000005,0.7893544368224563,Wednesday,False,5,31.4,26.0,28.2,83.0,0.1
2014-05-15,2,3,8958.051882572912,11301.407994,5965.046793,5336.361200999999,0.7926491891389823,Thursday,False,5,31.9,25.8,27.6,85.0,0.3
2014-05-16,2,3,8836.87268044792,11648.599803,6007.942812,5640.656990999999,0.7586210214013925,Friday,False,5,30.3,25.2,26.1,92.0,58.8
2014-05-17,2,2,8291.354643156252,10480.650642,5771.943364,4708.707278000001,0.7911106787520998,Saturday,True,5,31.2,22.4,26.5,85.0,43.3
2014-05-18,2,2,7392.571506625001,9141.814835,5352.405172,3789.4096629999995,0.8086546971310431,Sunday,True,5,30.5,22.2,24.6,92.0,15.6
2014-05-19,2,2,8296.770633104172,10745.601777,4990.349277,5755.2525,0.7721085152124907,Monday,False,5,31.1,22.3,24.7,91.0,11.3
2014-05-20,2,2,8485.872190697917,10816.379573,5546.526422,5269.853151,0.7845390533335638,Tuesday,False,5,31.8,23.6,25.4,92.0,16.1
2014-05-21,2,2,8449.66772073958,10571.12778,5524.070049,5047.057731000001,0.7993156356246013,Wednesday,False,5,28.7,23.2,24.9,93.0,86.6
2014-05-22,2,3,8502.459053281253,11111.261513,5710.032047,5401.229466,0.7652109567697161,Thursday,False,5,28.7,22.0,26.2,90.0,26.3
2014-05-23,2,2,8144.65519167708,10393.976777,5343.255453,5050.721324,0.7835937453410264,Friday,False,5,25.0,22.1,23.5,95.0,19.1
2014-05-24,2,2,8043.091896395835,9983.401579,5369.344573,4614.057005999999,0.8056464355109596,Saturday,True,5,30.4,22.9,25.6,91.0,5.0
2014-05-25,2,2,8013.592382697917,9528.577697,5607.264621,3921.3130760000004,0.8410061435738657,Sunday,True,5,32.9,25.0,28.4,82.0,0.0
2014-05-26,2,3,9188.591476416668,11703.431381,5753.679137,5949.752244,0.7851194386745358,Monday,False,5,32.7,23.8,27.6,83.0,10.1
2014-05-27,2,3,9693.579865281246,11949.853964,6483.463972,5466.389992,0.8111881445985883,Tuesday,False,5,34.2,24.9,28.5,81.0,2.6
2014-05-28,2,3,9881.3701223125,12267.929671,6712.107328,5555.822343,0.8054635449753957,Wednesday,False,5,34.4,24.7,28.4,79.0,0.0
2014-05-29,2,3,9912.177159635421,12403.072302,7034.58926,5368.483042000001,0.799171118113782,Thursday,False,5,33.1,25.1,27.5,84.0,0.0
2014-05-30,2,3,9880.52184114583,12216.965871,6850.623134,5366.342737,0.8087541493915196,Friday,False,5,31.5,25.5,28.2,83.0,0.3
2014-05-31,2,3,9251.849738447914,10861.512994,6835.835872,4025.677122000001,0.8518011941392254,Saturday,True,5,33.8,25.8,29.6,76.0,0.0
2014-06-01,2,3,8490.558376895833,9509.148306,6641.469309,2867.678996999999,0.8928831587933627,Sunday,True,6,34.6,25.9,30.1,73.0,0.0
2014-06-02,2,2,7891.409480145834,9457.709885,6248.401932,3209.3079530000005,0.8343890409095408,Monday,False,6,34.7,26.0,30.1,72.0,0.0
2014-06-03,2,3,9290.4850435625,11627.919112,6388.707582,5239.21153,0.7989808799043613,Tuesday,False,6,31.3,24.0,27.1,87.0,15.6
2014-06-04,2,3,9887.140850354164,12199.821315,6510.06176,5689.759555,0.8104332510343956,Wednesday,False,6,33.4,25.1,28.5,80.0,0.0
2014-06-05,2,3,10136.449906812499,12602.270823,7292.302837,5309.967986000001,0.8043351907905986,Thursday,False,6,33.0,24.7,28.3,83.0,55.8
2014-06-06,2,3,9192.657410260414,11829.035905,6585.211637,5243.824268,0.7771265117535725,Friday,False,6,28.1,22.8,24.8,93.0,36.0
2014-06-07,2,3,8641.335332500003,10644.345708,6206.434688,4437.9110200000005,0.8118240021089704,Saturday,True,6,28.3,24.5,26.0,90.0,11.3
2014-06-08,2,3,8505.27419940625,10085.194737,6075.408931,4009.785806,0.843342584967901,Sunday,True,6,34.9,24.2,28.5,78.0,0.7
2014-06-09,2,3,9702.458266187497,11945.955049,6459.575394,5486.379655,0.812196113779927,Monday,False,6,32.2,24.1,27.8,83.0,16.5
2014-06-10,2,3,9790.478083989585,11965.621217,6885.836365,5079.784852,0.818217283201301,Tuesday,False,6,30.0,25.7,27.5,82.0,0.0
2014-06-11,2,3,9256.575557229165,11566.842286,6718.840971,4848.0013149999995,0.8002681568878068,Wednesday,False,6,27.9,24.7,25.7,93.0,29.4
2014-06-12,2,3,9254.992520260419,11422.766925,6210.760888,5212.006037,0.810223353153152,Thursday,False,6,33.6,24.6,27.5,77.0,0.6
2014-06-13,2,3,9573.602009166667,11904.200526,6549.139762,5355.060764000001,0.8042204924435651,Friday,False,6,33.9,21.8,28.0,68.0,0.0
2014-06-14,2,3,9476.290656343748,11161.219326,6767.057731,4394.1615950000005,0.849037222507471,Saturday,True,6,35.4,23.3,28.9,65.0,0.0
2014-06-15,2,3,9343.81041061458,10687.067418,7287.653627,3399.413791000001,0.8743100464470729,Sunday,True,6,34.8,25.6,29.6,70.0,0.0
2014-06-16,2,3,10952.72821510417,13133.570378,7570.958035,5562.612343000001,0.8339490252742734,Monday,False,6,36.1,26.9,30.6,75.0,0.5
2014-06-17,2,3,10825.755619270829,13362.511233,8214.718323,5147.79291,0.8101587666048572,Tuesday,False,6,33.1,26.1,29.0,82.0,1.0
2014-06-18,2,3,10590.913556072917,13089.044177,7466.509696,5622.534481,0.8091433883830277,Wednesday,False,6,33.9,25.2,28.4,83.0,0.1
2014-06-19,2,3,10673.023116385417,13018.221858,7799.821193,5218.400665000001,0.8198526060474685,Thursday,False,6,33.9,27.2,29.1,82.0,0.3
2014-06-20,2,3,10438.675105510421,12844.154194,7632.809309,5211.344885,0.8127179842162537,Friday,False,6,31.0,26.5,28.4,86.0,9.1
2014-06-21,2,3,9390.220553697922,11165.201661,7058.376958,4106.824702999999,0.841025611431446,Saturday,True,6,30.8,24.3,27.4,89.0,32.0
2014-06-22,2,3,8436.133634072918,9937.591777,6366.264498,3571.327279,0.8489112677779618,Sunday,True,6,29.8,25.0,26.6,90.0,12.0
2014-06-23,2,3,9391.235920395835,12111.068158,6232.794244,5878.273914,0.7754258995060174,Monday,False,6,31.6,24.6,27.3,86.0,6.5
2014-06-24,2,3,9475.670248385419,11980.856037,6289.655838,5691.200199,0.7909009355526921,Tuesday,False,6,31.0,24.9,27.2,86.0,33.0
2014-06-25,2,3,9567.75081861458,11900.624621,6669.562352,5231.062269000001,0.803970474098578,Wednesday,False,6,29.6,24.8,27.4,89.0,22.9
2014-06-26,2,3,10126.422180187501,12450.722582,6742.332722,5708.38986,0.8133200393387017,Thursday,False,6,34.3,26.4,29.7,78.0,0.0
2014-06-27,2,3,10607.420964541665,12813.097122,7308.622311,5504.474810999999,0.8278576883904826,Friday,False,6,34.8,26.0,30.4,73.0,0.0
2014-06-28,2,3,10356.251360177082,12082.947664,7722.016135,4360.9315289999995,0.8570964344265559,Saturday,True,6,35.1,26.9,30.2,76.0,0.0
2014-06-29,2,3,9666.798058177084,10771.912154,7580.615937,3191.296217,0.897407806522768,Sunday,True,6,34.2,26.0,29.3,76.0,11.5
2014-06-30,2,3,10390.878646510417,12763.522944,7252.47454,5511.048404,0.8141074131413741,Monday,False,6,32.1,25.9,28.3,84.0,5.5
2014-07-01,2,3,10178.510540593745,12269.23306,7509.853273,4759.379787000001,0.8295963155005668,Tuesday,False,7,32.3,25.4,28.1,84.0,16.7
2014-07-02,2,3,10310.183227979167,12734.556513,7198.616842,5535.939670999999,0.8096224801746393,Wednesday,False,7,33.3,25.6,28.1,85.0,7.9
2014-07-03,2,3,10514.941875875003,12724.616826,7283.680313,5440.936513,0.8263464448210336,Thursday,False,7,33.8,25.6,29.2,79.0,0.0
2014-07-04,2,3,10832.867876510416,13103.815822,7653.079787,5450.736035000001,0.8266956757987327,Friday,False,7,34.9,25.9,29.9,74.0,0.0
2014-07-05,2,3,10498.325401010416,12122.099095,7909.240394,4212.858700999999,0.8660484721941152,Saturday,True,7,36.3,26.1,30.8,68.0,0.0
2014-07-06,2,3,10037.894934166667,11359.445131,7965.293881,3394.151250000001,0.8836606734226116,Sunday,True,7,36.4,26.4,30.8,71.0,0.0
2014-07-07,2,3,11052.754197802087,13452.500461,7869.745098,5582.755362999999,0.8216133669606634,Monday,False,7,35.1,26.6,29.7,77.0,0.1
2014-07-08,2,3,10815.670916260413,13258.295888,8160.783898,5097.511990000001,0.8157662951276874,Tuesday,False,7,35.6,24.8,28.7,84.0,9.9
2014-07-09,2,3,10588.558241479162,13046.987402,7137.018059,5909.969343000001,0.8115711248296308,Wednesday,False,7,35.6,24.4,28.9,79.0,0.3
2014-07-10,2,3,11020.771184010418,13486.766875,8081.98556,5404.781314999999,0.8171544215270213,Thursday,False,7,35.0,25.9,29.8,79.0,15.5
2014-07-11,2,3,10295.286771260415,12583.146497,7745.800535,4837.345961999999,0.8181806334143019,Friday,False,7,31.0,25.9,27.3,90.0,14.0
2014-07-12,2,3,9451.970387927084,11333.348833,7054.184424,4279.164409,0.8339962465820524,Saturday,True,7,32.0,25.4,27.6,88.0,3.3
2014-07-13,2,3,9043.457990916666,10644.634671,6768.930995,3875.703676,0.8495789917106744,Sunday,True,7,34.1,25.6,28.4,84.0,4.0
2014-07-14,2,3,10526.4986195625,13001.845542,7080.548248,5921.297293999999,0.8096157261335432,Monday,False,7,33.8,25.5,28.7,82.0,11.1
2014-07-15,2,3,10741.680793489584,13001.128421,7732.635016,5268.493404999999,0.826211421474704,Tuesday,False,7,33.6,26.2,29.6,77.0,0.4
2014-07-16,2,3,10643.712871916665,12831.853042,7601.543396,5230.309646000001,0.8294759016549423,Wednesday,False,7,34.0,25.2,29.4,76.0,0.0
2014-07-17,2,3,10779.01875290625,12987.545608,7634.853002,5352.6926060000005,0.8299504062004329,Thursday,False,7,34.3,24.8,29.0,74.0,0.0
2014-07-18,2,3,10062.343329479168,12563.933125,7732.384465,4831.5486599999995,0.8008911882423896,Friday,False,7,30.7,25.3,27.6,79.0,7.3
2014-07-19,2,3,9062.489562687497,10924.441744,6463.781217,4460.660527,0.8295608851285112,Saturday,True,7,32.0,25.0,27.4,84.0,24.5
2014-07-20,2,3,8729.152860843751,10095.422417,6479.461267,3615.96115,0.8646644489233513,Sunday,True,7,33.4,25.4,28.3,82.0,7.7
2014-07-21,2,3,9775.65568171875,12264.493931,6632.243833,5632.250098,0.7970696334244654,Monday,False,7,32.0,25.0,27.8,85.0,0.1
2014-07-22,2,3,10335.789132375005,12640.636069,6760.899589,5879.7364800000005,0.8176636900197276,Tuesday,False,7,36.5,24.7,29.5,77.0,0.0
2014-07-23,2,3,11135.66639471875,13423.483881,7761.509976,5661.973905,0.8295660421271489,Wednesday,False,7,36.2,26.3,30.8,74.0,0.0
2014-07-24,2,3,11089.041954385417,13536.749326,8364.611744,5172.137581999999,0.8191805645013107,Thursday,False,7,35.5,22.6,30.4,73.0,40.3
2014-07-25,2,3,10176.28191709375,12432.128652,7107.554309,5324.574342999999,0.8185470245641848,Friday,False,7,33.0,23.3,26.9,85.0,2.9
2014-07-26,2,3,9462.733934322916,11322.054638,7096.314531,4225.740107,0.8357788614235546,Saturday,True,7,32.6,24.1,27.2,84.0,7.7
2014-07-27,2,3,8634.714366114584,10005.430279,6575.268264,3430.162015,0.8630028020121876,Sunday,True,7,31.2,24.9,27.4,83.0,9.1
2014-07-28,2,3,9977.598869249998,12485.346053,6514.158264,5971.187789,0.7991447595361255,Monday,False,7,34.7,24.3,28.6,76.0,1.0
2014-07-29,2,3,10499.010731270833,12665.300938,7297.724943,5367.575995,0.8289586471467413,Tuesday,False,7,35.8,24.5,29.2,74.0,0.0
2014-07-30,2,3,10772.718678687497,12883.807697,7675.760715,5208.046982,0.8361440136362738,Wednesday,False,7,36.1,25.6,30.4,71.0,0.0
2014-07-31,2,3,11032.131296572916,13200.573322,7937.729391,5262.843931,0.8357312237482011,Thursday,False,7,36.3,25.8,30.6,74.0,0.0
2014-08-01,2,3,11043.883268927086,13390.088042,8220.513685,5169.5743569999995,0.8247804819719113,Friday,False,8,36.8,26.2,29.8,77.0,6.3
2014-08-02,2,3,10012.608314364583,12040.76023,7632.858585,4407.901645,0.831559479892125,Saturday,True,8,36.1,24.2,29.1,74.0,25.6
2014-08-03,2,3,9145.872963374995,10444.821267,6856.233323,3588.587943999999,0.8756370960861743,Sunday,True,8,34.7,24.0,28.1,79.0,14.6
2014-08-04,2,3,10604.922144510414,12980.073504,7456.346521,5523.726983,0.8170155693835133,Monday,False,8,33.3,25.7,29.1,78.0,0.0
2014-08-05,2,3,10792.555581843751,13180.234556,7729.859458,5450.3750979999995,0.8188439694292609,Tuesday,False,8,34.9,25.8,29.9,,0.0
2014-08-06,2,3,10487.32804621875,12875.060625,7472.92741,5402.133215,0.8145459156794262,Wednesday,False,8,33.1,26.1,28.8,81.0,1.1
2014-08-07,2,3,10261.589139999996,12431.71097,7340.01995,5091.69102,0.8254365923373777,Thursday,False,8,32.0,24.6,27.9,87.0,67.4
2014-08-08,2,3,10250.94329198959,12685.458799,6900.923939,5784.53486,0.8080861287254093,Friday,False,8,33.6,24.0,28.5,82.0,40.1
2014-08-09,2,3,9934.646470010417,11638.466892,7265.016349,4373.450543,0.853604393276167,Saturday,True,8,34.1,25.6,29.6,75.0,0.0
2014-08-10,2,3,9360.732599166671,10566.247516,7268.587986,3297.65953,0.8859088891294785,Sunday,True,8,34.8,25.9,29.7,75.0,38.5
2014-08-11,2,3,10403.128952322917,12671.765115,7283.425979,5388.3391360000005,0.8209692065715753,Monday,False,8,34.0,25.7,28.8,81.0,0.0
2014-08-12,2,3,10508.272703520835,12984.832615,7826.292105,5158.540509999999,0.8092728658959949,Tuesday,False,8,33.8,25.4,28.6,81.0,50.2
2014-08-13,2,3,9396.073565020832,12003.207747,6753.540781,5249.666966000001,0.7827968792233244,Wednesday,False,8,28.9,23.5,25.5,93.0,68.6
2014-08-14,2,3,9302.500380010419,11656.772829,6343.244458,5313.528370999999,0.7980339427107505,Thursday,False,8,30.7,25.5,27.3,88.0,1.0
2014-08-15,2,3,9540.856043895838,11999.489737,6425.688347,5573.80139,0.7951051463860956,Friday,False,8,33.7,25.0,28.6,78.0,0.0
2014-08-16,2,3,8993.604592354164,10888.786678,6407.093059,4481.693619000001,0.8259510318560181,Saturday,True,8,32.7,23.8,27.6,81.0,16.6
2014-08-17,2,3,8735.466903062501,10024.764901,6396.577483,3628.1874180000004,0.8713887048055473,Sunday,True,8,34.2,24.0,28.0,78.0,0.0
2014-08-18,2,3,10370.297537125001,12695.898618,6878.138833,5817.759784999999,0.8168226487270617,Monday,False,8,33.7,25.4,28.5,79.0,0.0
2014-08-19,2,3,10079.982579416663,12906.981579,7641.211061,5265.770517999999,0.7809713307267023,Tuesday,False,8,31.5,23.7,27.8,81.0,31.1
2014-08-20,2,3,8752.331411979167,11063.234194,6202.153593,4861.080601000001,0.7911186962602562,Wednesday,False,8,25.3,23.6,24.3,94.0,75.7
2014-08-21,2,3,8955.946176260413,11471.518931,5763.063693,5708.4552380000005,0.7807114498201592,Thursday,False,8,31.9,23.4,26.3,83.0,0.1
2014-08-22,2,3,9223.836158656251,11903.211611,6181.074038,5722.137573000001,0.774903148838614,Friday,False,8,31.3,24.1,25.9,89.0,36.2
2014-08-23,2,3,9024.261811156251,11001.681777,6272.321259,4729.3605179999995,0.8202620284857065,Saturday,True,8,34.0,24.0,27.6,81.0,0.0
2014-08-24,2,3,8707.920622791667,10077.487796,6456.179424,3621.3083719999995,0.8640963699552237,Sunday,True,8,32.8,25.8,29.1,74.0,0.0
2014-08-25,2,3,10008.470351958335,12489.404145,6614.060213,5875.343932000001,0.8013569130890138,Monday,False,8,34.5,24.4,28.7,76.0,0.0
2014-08-26,2,3,10468.416601874998,12755.980806,7363.332154,5392.648652,0.8206673215556263,Tuesday,False,8,34.1,24.8,28.9,77.0,0.0
2014-08-27,2,3,10551.175145739582,12821.859326,7477.237993,5344.621333,0.8229052337474991,Wednesday,False,8,33.6,24.2,28.7,75.0,0.0
2014-08-28,2,3,10485.611125000001,12805.940559,7527.413668,5278.526891,0.8188083551294266,Thursday,False,8,32.8,23.8,28.5,74.0,14.2
2014-08-29,2,3,10480.153664520834,12790.278454,7391.546932,5398.731521999999,0.8193843239779739,Friday,False,8,34.2,24.2,27.9,80.0,1.2
2014-08-30,2,3,10070.012965895832,11781.981496,7539.551472,4242.430024,0.8546960432177403,Saturday,True,8,34.5,24.5,28.8,76.0,6.9
2014-08-31,2,3,9044.507298520834,10529.043651,7380.735312,3148.308339,0.859005584772348,Sunday,True,8,33.3,23.8,26.4,87.0,11.0
2014-09-01,2,3,9769.26348478125,12296.363766,6421.134391,5875.229375000001,0.794483936120506,Monday,False,9,33.7,23.6,27.3,82.0,0.2
2014-09-02,2,3,10372.028875979164,12680.691152,7164.662089,5516.029062999999,0.8179387662432963,Tuesday,False,9,33.7,24.1,28.1,80.0,0.0
2014-09-03,2,3,10632.124455708334,12898.92602,7554.505962,5344.420058000001,0.8242643177597148,Wednesday,False,9,35.3,25.2,29.2,75.0,0.0
2014-09-04,2,3,10611.216028916659,12754.527746,7452.232557,5302.2951889999995,0.8319567952835013,Thursday,False,9,34.9,23.9,28.9,70.0,0.0
2014-09-05,2,3,10240.501719916665,12508.495394,7924.486563,4584.008830999999,0.8186837343225764,Friday,False,9,30.5,24.8,26.1,89.0,2.3
2014-09-06,2,3,9358.424345739584,11055.855016,6720.895625,4334.959390999999,0.8464677161735661,Saturday,True,9,34.6,23.4,27.9,79.0,0.0
2014-09-07,2,3,8768.952984395833,9994.416414,7014.395412,2980.0210019999995,0.8773851940081705,Sunday,True,9,34.0,25.1,28.6,79.0,0.1
2014-09-08,2,2,7270.231670197915,8281.387878,6179.109885,2102.2779929999997,0.877900151194671,Monday,False,9,32.4,25.3,27.2,85.0,17.6
2014-09-09,2,3,9285.413160104168,11908.31546,5709.459359,6198.856100999999,0.7797419535360687,Tuesday,False,9,32.6,25.3,28.2,82.0,0.0
2014-09-10,2,3,10161.058611802082,12490.317303,6966.711085,5523.606218,0.8135148503682559,Wednesday,False,9,33.8,24.8,28.7,79.0,0.1
2014-09-11,2,3,10500.164592750005,12711.127812,7478.402672,5232.7251400000005,0.8260608144335764,Thursday,False,9,34.4,25.4,28.9,78.0,0.0
2014-09-12,2,3,10279.475255947915,12765.273503,7601.59597,5163.677533,0.805268704468581,Friday,False,9,31.7,25.0,27.0,86.0,17.5
2014-09-13,2,3,9520.659705218752,11482.598174,6962.804507,4519.793667000001,0.8291381062847206,Saturday,True,9,32.3,24.9,27.1,87.0,14.0
2014-09-14,2,3,9205.314851343752,10630.508076,6779.408741,3851.099335,0.8659336680366351,Sunday,True,9,34.8,24.8,28.8,79.0,0.0
2014-09-15,2,3,10429.958356114581,12971.105757,7191.266085,5779.839671999999,0.8040916905242207,Monday,False,9,34.0,25.8,29.2,77.0,0.0
2014-09-16,2,3,9555.271040104166,11866.952138,7116.725271,4750.226867,0.8052000993167033,Tuesday,False,9,28.2,25.3,26.5,85.0,31.0
2014-09-17,2,3,9499.387890156251,12114.473537,6340.782113,5773.691424,0.7841354278535704,Wednesday,False,9,30.1,25.3,27.1,86.0,11.0
2014-09-18,2,3,9914.770679958332,12435.044375,6579.645971,5855.398404,0.7973249134431282,Thursday,False,9,34.5,24.5,28.4,78.0,0.0
2014-09-19,2,3,10390.62935044792,12788.591333,7100.799326,5687.792007,0.8124920939209059,Friday,False,9,34.4,24.3,28.7,79.0,0.0
2014-09-20,2,3,9063.731384979166,10865.367483,6929.320592,3936.046891,0.8341854427989038,Saturday,True,9,29.9,24.0,27.0,70.0,0.0
2014-09-21,2,2,7605.592842875002,8828.903602,5836.224391,2992.6792110000006,0.8614425058567994,Sunday,True,9,28.1,24.0,25.3,65.0,0.0
2014-09-22,2,3,8668.607991937497,11112.919243,5393.9138,5719.005443,0.7800477806403417,Monday,False,9,30.5,21.7,25.8,68.0,0.0
2014-09-23,2,3,8928.037394864585,11291.79704,5880.323404,5411.473636,0.7906657694287237,Tuesday,False,9,31.9,21.4,26.1,71.0,0.0
2014-09-24,2,3,9177.049407010418,11476.028849,6096.019588,5380.009261,0.7996711691614551,Wednesday,False,9,32.2,22.9,26.8,72.0,0.0
2014-09-25,2,3,9545.490653375002,11947.790871,6448.956028,5498.834843,0.7989335230619139,Thursday,False,9,33.3,22.6,26.9,76.0,0.0
2014-09-26,2,3,9796.859032968747,12187.908454,6730.579523,5457.328931,0.8038179044373668,Friday,False,9,32.5,23.6,27.3,76.0,0.0
2014-09-27,2,3,9501.588683749995,11270.509129,6952.766365,4317.742764,0.8430487544969535,Saturday,True,9,33.0,24.3,27.1,79.0,0.0
2014-09-28,2,3,9606.263537958335,11684.703882,6831.13176,4853.572122,0.8221229767539552,Sunday,True,9,34.5,23.4,27.7,74.0,0.0
2014-09-29,2,3,9981.03464865625,12159.493371,6943.509655,5215.983716000001,0.8208429696964756,Monday,False,9,34.6,23.8,27.9,76.0,0.0
2014-09-30,2,3,9727.363894239585,12153.367336,7244.984588,4908.382747999999,0.8003842577378331,Tuesday,False,9,35.2,24.4,28.5,76.0,0.0
2014-10-01,2,2,7083.519160968749,8662.729507,5894.460378,2768.2691290000002,0.817700605247439,Wednesday,False,10,32.6,24.5,28.0,75.0,0.0
2014-10-02,2,2,6964.52321059375,8125.214095,5241.735156,2883.4789390000005,0.8571495014364603,Thursday,False,10,33.5,23.5,27.6,77.0,0.0
2014-10-03,2,2,7222.162625031251,8369.557483,5179.38375,3190.1737330000005,0.8629085396331522,Friday,False,10,33.2,23.7,27.2,76.0,0.5
2014-10-04,2,2,7686.703903375001,9112.803881,5489.803635,3623.0002459999996,0.8435059070459766,Saturday,True,10,32.4,23.0,26.6,74.0,0.1
2014-10-05,2,2,7530.626206958329,8857.795246,5578.120971,3279.6742749999994,0.8501693703474357,Sunday,True,10,30.9,20.4,25.1,66.0,0.0
2014-10-06,2,2,7640.3387430312505,9298.216859,5204.031644,4094.1852150000004,0.8216993493366372,Monday,False,10,31.3,18.2,24.2,58.0,0.0
2014-10-07,2,2,7675.835311031246,9304.375098,5313.341817,3991.033281,0.8249705359235987,Tuesday,False,10,29.4,17.5,23.1,63.0,0.0
2014-10-08,2,2,7953.090800041667,10094.387039,5226.211373,4868.175665999999,0.7878725839731165,Wednesday,False,10,29.1,17.2,22.2,68.0,0.0
2014-10-09,2,2,8077.684847760415,10163.477714,5300.596308,4862.881406,0.794775673747339,Thursday,False,10,30.1,19.0,24.1,58.0,0.0
2014-10-10,2,2,8136.1925267083325,10158.27056,5359.615279,4798.655281000001,0.8009426878967015,Friday,False,10,29.6,20.3,24.2,60.0,0.0
2014-10-11,2,2,8161.485698052079,10213.444063,5418.130723,4795.313340000001,0.799092416594173,Saturday,True,10,31.5,19.3,24.9,64.0,0.0
2014-10-12,2,2,7349.020348614581,8724.674095,5460.657269,3264.016826,0.8423260592422829,Sunday,True,10,30.8,20.3,25.1,58.0,0.0
2014-10-13,2,2,7767.262443791665,9824.776315,5036.28838,4788.487934999999,0.7905790620324841,Monday,False,10,29.0,20.1,23.5,53.0,0.0
2014-10-14,2,2,7690.060349916667,9679.993339,5066.211037,4613.7823020000005,0.7944282687606782,Tuesday,False,10,28.3,18.2,22.6,55.0,0.0
2014-10-15,2,2,7658.9953016875015,9627.828388,5001.883741,4625.944647,0.7955060054075719,Wednesday,False,10,28.7,16.1,21.9,62.0,0.0
2014-10-16,2,2,7797.838846437499,9930.565,5062.213182,4868.351818,0.78523617200406,Thursday,False,10,29.4,17.5,22.3,72.0,0.0
2014-10-17,2,2,7843.9700195416635,9982.624803,5064.619655,4918.005148,0.7857622793941305,Friday,False,10,29.0,17.4,22.4,74.0,0.0
2014-10-18,2,2,7520.610367885416,9319.169441,5103.201308,4215.968133,0.8070043597231141,Saturday,True,10,29.9,18.2,22.8,75.0,0.0
2014-10-19,2,2,7094.664810572918,8637.078536,5057.903084,3579.1754520000013,0.8214195090390594,Sunday,True,10,30.0,19.0,23.5,76.0,0.0
2014-10-20,2,2,8205.891852458333,10566.748618,4983.609523,5583.1390949999995,0.776576802298481,Monday,False,10,30.4,19.4,24.1,76.0,0.0
2014-10-21,2,3,8720.60176521875,11128.321776,5715.197879,5413.123897,0.7836403314672403,Tuesday,False,10,31.8,21.9,26.1,76.0,0.0
2014-10-22,2,2,8312.760492010419,10391.264754,5589.189835,4802.074919,0.7999758151490188,Wednesday,False,10,30.3,22.9,25.5,63.0,0.0
2014-10-23,2,2,7826.062066468755,9760.846234,5398.580082,4362.266152,0.8017811036924439,Thursday,False,10,24.5,21.0,22.3,67.0,0.7
2014-10-24,2,2,7803.892770020833,9736.944852,5096.574753,4640.370099000001,0.8014724216516321,Friday,False,10,27.4,20.1,22.3,80.0,0.0
2014-10-25,2,2,7524.768663916668,9302.694573,5137.406127,4165.2884460000005,0.8088805458320046,Saturday,True,10,28.0,19.3,22.8,81.0,0.0
2014-10-26,2,2,7053.804348697915,8715.701595,5031.490469,3684.211126,0.8093214610220848,Sunday,True,10,28.0,21.5,23.8,83.0,0.0
2014-10-27,2,2,8048.896987697917,10336.880346,4885.265394,5451.614952,0.7786582332659534,Monday,False,10,32.0,21.5,25.4,71.0,0.0
2014-10-28,2,2,8113.216884416667,10229.118487,5304.159991,4924.958495999999,0.7931491745576715,Tuesday,False,10,29.3,19.5,24.6,70.0,0.0
2014-10-29,2,2,8282.7219735625,10466.712615,5425.88597,5040.826645,0.7913393897614432,Wednesday,False,10,30.7,21.6,25.1,72.0,0.0
2014-10-30,2,2,8281.707929500002,10479.815181,5482.593043,4997.222138,0.7902532426826394,Thursday,False,10,28.9,20.3,24.3,77.0,0.0
2014-10-31,2,2,8130.376806833333,10373.643734,5393.398051,4980.245682999999,0.783753232259724,Friday,False,10,30.3,20.3,24.3,79.0,0.0
2014-11-01,2,2,7656.493829312499,9510.649769,5310.102599,4200.54717,0.8050442414848321,Saturday,True,11,30.8,20.9,24.8,80.0,0.0
2014-11-02,2,2,6734.292608229164,8081.924935,5191.395066,2890.529869,0.8332535457073216,Sunday,True,11,25.6,21.2,23.4,72.0,0.0
2014-11-03,2,2,6989.128469052083,8860.624736,4270.284424,4590.340311999999,0.788785066210492,Monday,False,11,23.1,18.1,19.9,54.0,0.0
2014-11-04,2,2,7148.092308520831,8949.715065,4672.663898,4277.0511670000005,0.7986949591808966,Tuesday,False,11,23.2,18.6,20.1,65.0,0.0
2014-11-05,2,2,7369.904804281253,9276.333174,4745.091858,4531.241316,0.7944847027420119,Wednesday,False,11,25.9,18.9,21.6,75.0,0.0
2014-11-06,2,2,7234.598037156248,9020.291004,4839.069144,4181.221860000001,0.8020359912943057,Thursday,False,11,22.7,18.8,20.1,90.0,11.6
2014-11-07,2,2,7116.5545297812505,8935.823404,4636.679129,4299.144275000001,0.7964072484462508,Friday,False,11,20.2,16.9,18.1,88.0,2.3
2014-11-08,2,2,6684.4691493229175,8340.243404,4557.441381,3782.802023000001,0.8014717107796914,Saturday,True,11,19.6,15.5,16.9,91.0,16.9
2014-11-09,2,2,6217.804446000001,7954.104737,4330.12741,3623.9773269999996,0.7817101548935765,Sunday,True,11,21.8,17.1,18.6,78.0,0.0
2014-11-10,2,2,6943.504836322917,8869.353766,4231.518956,4637.83481,0.7828647970881847,Monday,False,11,22.0,16.8,18.4,84.0,0.0
2014-11-11,2,2,7135.951312614584,8989.653651,4613.060017,4376.593634000001,0.7937960225887888,Tuesday,False,11,21.6,17.7,19.1,87.0,0.1
2014-11-12,2,2,7087.273320645833,8875.902236,4609.213191,4266.689045,0.7984848336770068,Wednesday,False,11,20.1,16.6,18.2,86.0,4.5
2014-11-13,2,2,7067.300747833334,8927.921299,4626.469588,4301.451711,0.7915953233845071,Thursday,False,11,20.4,15.5,17.9,71.0,0.0
2014-11-14,2,2,7004.043911499997,8767.730164,4579.513537,4188.216627000001,0.7988434612481987,Friday,False,11,23.0,15.6,18.1,70.0,0.0
2014-11-15,2,2,6739.803481354167,8409.176842,4511.936644,3897.2401980000004,0.8014819533455313,Saturday,True,11,25.4,15.5,19.8,73.0,0.0
2014-11-16,2,2,6177.66333410417,7802.666785,4289.800921,3512.8658640000003,0.7917374282828828,Sunday,True,11,26.5,15.9,20.5,73.0,0.0
2014-11-17,2,2,6845.658615395833,8876.872236,4105.210115,4771.662120999999,0.7711791308241867,Monday,False,11,23.4,15.0,18.8,62.0,0.0
2014-11-18,2,2,7006.179011843746,8869.235329,4472.457838,4396.777490999999,0.7899417201092226,Tuesday,False,11,22.9,13.9,17.6,62.0,0.0
2014-11-19,2,2,7044.35497042708,8897.692122,4558.205838,4339.4862840000005,0.7917058574109966,Wednesday,False,11,23.5,13.4,17.5,64.0,0.0
2014-11-20,2,2,7060.652168781249,8977.695394,4487.770937,4489.924457,0.7864659981112797,Thursday,False,11,25.2,13.2,17.8,73.0,0.0
2014-11-21,2,2,7104.314095739584,8898.273734,4570.814868,4327.458866,0.7983923970100226,Friday,False,11,26.6,14.1,19.1,77.0,0.0
2014-11-22,2,2,6872.510012927084,8522.60806,4542.260493,3980.3475670000007,0.8063857876067908,Saturday,True,11,27.4,15.3,20.4,75.0,0.0
2014-11-23,2,2,6405.130859135416,8146.914935,4440.097377,3706.8175579999997,0.7862032327867207,Sunday,True,11,27.8,17.0,21.5,78.0,0.0
2014-11-24,2,2,7178.918378052084,9206.927928,4298.341965,4908.5859629999995,0.7797300504785797,Monday,False,11,27.8,17.7,21.8,79.0,0.0
2014-11-25,2,2,7439.067312833332,9446.685641,4733.313536,4713.372105,0.7874790794928848,Tuesday,False,11,27.9,17.7,21.8,80.0,0.0
2014-11-26,2,2,7285.312561302082,9190.321431,4653.192894,4537.1285370000005,0.7927157516741355,Wednesday,False,11,25.3,17.2,20.9,76.0,0.0
2014-11-27,2,2,7447.528911812499,9385.857911,4766.70792,4619.149990999999,0.7934840887676528,Thursday,False,11,27.8,18.1,22.9,73.0,0.0
2014-11-28,2,2,7472.285320520835,9407.054836,4829.718635,4577.336200999999,0.7943278157500511,Friday,False,11,26.1,20.9,23.0,80.0,0.0
2014-11-29,2,2,7177.194958843754,8862.240756,4832.32745,4029.9133059999995,0.8098623312602493,Saturday,True,11,28.3,21.3,23.7,83.0,0.2
2014-11-30,2,2,6572.145823895834,8343.751118,4607.109358,3736.6417600000004,0.7876728021905787,Sunday,True,11,27.8,22.3,24.6,82.0,0.2
2014-12-01,2,2,6569.63836884375,8541.913388,4064.313363,4477.600025000001,0.7691061791931798,Monday,False,12,23.4,14.9,18.1,67.0,0.1
2014-12-02,2,2,6824.9351756875,8761.187417,4265.03847,4496.148946999999,0.7789965961057469,Tuesday,False,12,14.5,11.0,12.6,79.0,3.9
2014-12-03,2,2,6998.937408135415,8963.135888,4429.85505,4533.280838000001,0.7808581165778946,Wednesday,False,12,16.5,11.4,13.7,91.0,5.0
2014-12-04,2,2,7038.245008124999,9003.394671,4458.479556,4544.915115,0.7817323648817971,Thursday,False,12,15.2,8.7,12.3,77.0,9.8
2014-12-05,2,2,7054.731345364587,8976.45069,4522.742056,4453.708634,0.7859154568992109,Friday,False,12,18.7,9.5,12.9,50.0,0.1
2014-12-06,2,2,6695.760692989585,8341.267336,4444.318914,3896.9484220000004,0.8027270225582401,Saturday,True,12,20.1,9.2,14.1,57.0,0.0
2014-12-07,2,2,6364.2227470208345,8313.718948,4319.388734,3994.3302139999996,0.7655085271497964,Sunday,True,12,15.1,11.4,12.5,84.0,2.2
2014-12-08,2,2,6910.442605583333,9070.951776,4148.771069,4922.1807069999995,0.7618211160450703,Monday,False,12,19.4,10.7,13.8,78.0,4.9
2014-12-09,2,2,7065.742999572914,9013.213108,4538.810494,4474.402614,0.7839316473391117,Tuesday,False,12,23.1,13.7,17.2,63.0,0.0
2014-12-10,2,2,7046.427339052086,8951.082862,4566.471596,4384.611265999999,0.7872150719290354,Wednesday,False,12,22.3,13.7,17.9,65.0,0.0
2014-12-11,2,2,7061.054156989584,8993.022073,4554.407221,4438.614852,0.7851703353635907,Thursday,False,12,18.6,12.6,15.2,60.0,0.0
2014-12-12,2,2,7110.600572781251,9043.869473,4550.264351,4493.605122000001,0.7862343208302128,Friday,False,12,15.9,9.6,11.9,47.0,0.0
2014-12-13,2,2,6863.426955156247,8588.105855,4550.59968,4037.5061749999995,0.7991781972692332,Saturday,True,12,16.9,6.5,10.9,40.0,0.0
2014-12-14,2,2,6297.65903821875,8126.978816,4350.324071,3776.654745,0.774907770870551,Sunday,True,12,20.1,6.6,11.7,56.0,0.0
2014-12-15,2,2,6869.830352562497,8941.667072,4085.32463,4856.342442,0.7682941332131156,Monday,False,12,21.2,8.2,14.2,65.0,0.0
2014-12-16,2,2,7014.262974666668,8981.455987,4464.464844,4516.991142999999,0.7809717026748559,Tuesday,False,12,17.0,12.4,14.8,41.0,0.0
2014-12-17,2,2,7177.119097770835,9203.275296,4518.590165,4684.685131,0.7798440084575337,Wednesday,False,12,16.4,7.0,10.9,28.0,0.0
2014-12-18,2,2,7300.568687958333,9285.162599,4675.073766,4610.088832999999,0.7862618031852878,Thursday,False,12,15.2,4.4,9.6,43.0,0.0
2014-12-19,2,2,7363.208980166666,9296.042895,4662.709079,4633.333816,0.7920799272695983,Friday,False,12,11.7,9.0,10.3,84.0,2.0
2014-12-20,2,2,6990.151934239581,8719.769096,4691.537673,4028.231423,0.8016441556286344,Saturday,True,12,19.2,4.3,10.6,71.0,0.0
2014-12-21,2,2,6534.973450552082,8360.681595,4433.718463,3926.963132,0.7816316619999307,Sunday,True,12,19.1,6.8,12.4,58.0,0.0
2014-12-22,2,2,6988.766188197919,8855.632631,4281.517121,4574.1155100000005,0.7891888111678285,Monday,False,12,16.8,4.5,10.2,46.0,0.0
2014-12-23,2,2,7243.7804966875,9354.134934,4501.800823,4852.334111,0.7743934150830051,Tuesday,False,12,14.8,5.3,10.7,62.0,0.4
2014-12-24,2,2,7182.066521135418,9101.666826,4579.50083,4522.165996000001,0.7890935428024003,Wednesday,False,12,22.6,9.6,14.4,77.0,0.5
2014-12-25,2,2,7135.855498843753,9067.803059,4557.769532,4510.033527,0.7869442523634492,Thursday,False,12,20.4,13.1,16.3,79.0,0.0
2014-12-26,2,2,7087.077828260414,8958.888355,4529.986792,4428.901562999999,0.7910666532980156,Friday,False,12,19.3,14.1,15.8,78.0,4.5
2014-12-27,2,2,6906.6889713229175,8751.270428,4460.77574,4290.494688,0.78922129399918,Saturday,True,12,14.6,11.6,12.7,93.0,20.1
2014-12-28,2,2,6557.45115546875,8480.166777,4356.945,4123.221777000001,0.7732691264108082,Sunday,True,12,15.0,9.7,11.7,81.0,4.6
2014-12-29,2,2,6936.880418354169,9010.524753,4238.837121,4771.687632,0.7698641986466522,Monday,False,12,18.0,4.7,10.2,73.0,0.0
2014-12-30,2,2,6898.469963281251,8780.473733,4455.129564,4325.344169000001,0.7856603382747401,Tuesday,False,12,21.6,4.5,11.0,70.0,0.1
2014-12-31,2,2,6494.801035947917,8059.246529,4297.719613,3761.526916,0.8058819162036229,Wednesday,False,12,22.8,5.0,12.1,69.0,0.0
