area,date,cluster,PC1,PC2
1,2014-01-01,1,-20.89753143277475,4.037087835599449
1,2014-01-02,2,-9.588936170151896,-7.419815806806836
1,2014-01-03,2,-3.941042833741283,-1.680153603618858
1,2014-01-04,2,-4.29995696833644,-0.9655514932111305
1,2014-01-05,2,-7.644927034197358,0.962116054578713
1,2014-01-06,2,-4.682341597333213,-2.635519181448115
1,2014-01-07,2,-3.446972940488919,-1.4160909629630898
1,2014-01-08,2,-3.2411257152993174,-1.4111966227885115
1,2014-01-09,2,-3.3326498969834066,-1.3815661650397963
1,2014-01-10,2,-3.4291776606726687,-1.121160977668399
1,2014-01-11,2,-4.8972166923277705,-0.37171110071255453
1,2014-01-12,2,-9.16499753164449,1.21257936113703
1,2014-01-13,2,-5.498546935588541,-3.008647712737489
1,2014-01-14,2,-4.414720175888559,-1.2292349396400875
1,2014-01-15,2,-4.868597443958992,-1.0688944909636267
1,2014-01-16,2,-5.567090948608572,-0.9505183280299282
1,2014-01-17,2,-6.445870554655949,-0.7354254164374935
1,2014-01-18,2,-8.221166439743332,-0.03146615560218942
1,2014-01-19,1,-11.783920685943164,0.9468188802720446
1,2014-01-20,2,-10.62407283336044,-1.4244140478632576
1,2014-01-21,2,-11.289241282536885,-0.384338213838044
1,2014-01-22,1,-12.90075978860171,-0.021352690028859124
1,2014-01-23,1,-14.944797326296168,0.4491656585694019
1,2014-01-24,1,-17.820047014429434,1.052739051321431
1,2014-01-25,1,-21.23506411400628,1.394354772529554
1,2014-01-26,1,-24.031240751760574,1.3702298432358135
1,2014-01-27,1,-25.50021626263052,1.0739657476313826
1,2014-01-28,1,-27.076322601094446,1.3824331146320858
1,2014-01-29,1,-29.000962535330693,1.5268213439610783
1,2014-01-30,1,-31.015416111435595,1.4700053777692728
1,2014-01-31,1,-32.2660452639724,1.3033027490028881
1,2014-02-01,1,-32.219985172133214,0.917021608939773
1,2014-02-02,1,-31.979394820047457,0.8806692930009548
1,2014-02-03,1,-30.934920059404288,0.5439688811623361
1,2014-02-04,1,-29.702462318843608,0.7606577475987202
1,2014-02-05,1,-27.91825844747442,0.2128734216466781
1,2014-02-06,1,-26.274295802364648,0.282267802909687
1,2014-02-07,1,-22.980332018578594,-0.6104664164861077
1,2014-02-08,1,-20.62041932364423,-0.4578266378753818
1,2014-02-09,1,-19.753976455186077,-0.06422769760269972
1,2014-02-10,1,-15.194116699148656,-2.465785910882746
1,2014-02-11,1,-12.249658548866178,-1.770140895979067
1,2014-02-12,2,-10.515104924239202,-1.9047514958619227
1,2014-02-13,2,-9.177019745784207,-1.9088052101436948
1,2014-02-14,2,-10.721997606503255,-0.04005466559233364
1,2014-02-15,2,-9.768282606756816,-1.3701858535718865
1,2014-02-16,1,-13.140247890983337,0.7913339526581145
1,2014-02-17,2,-9.19770873399951,-3.140983814060214
1,2014-02-18,2,-6.755229868630748,-1.9709756049796912
1,2014-02-19,2,-5.472269851560868,-2.02210425991661
1,2014-02-20,2,-5.252035839218348,-1.398166436067668
1,2014-02-21,2,-5.0434937207956905,-1.4973507137032163
1,2014-02-22,2,-5.939695244185503,-0.7306297186903424
1,2014-02-23,2,-11.03618401472898,1.4638209115932856
1,2014-02-24,2,-6.3909486273013485,-3.382017270993314
1,2014-02-25,2,-4.546971988168832,-1.5429236098615835
1,2014-02-26,2,-4.341869156949837,-1.504561261275699
1,2014-02-27,2,-3.911179660490782,-1.3316007920133397
1,2014-02-28,2,-4.514709943170274,-0.7654224977023993
1,2014-03-01,2,-6.811670431489283,-0.4135782895931593
1,2014-03-02,1,-11.93558176653711,2.0019222032971347
1,2014-03-03,2,-5.8589642571386085,-4.227746031167526
1,2014-03-04,2,-3.2690554865667365,-1.5925553317029406
1,2014-03-05,2,-2.9576623867746914,-1.3140299006955647
1,2014-03-06,2,-2.6961600903873206,-1.3202107643138232
1,2014-03-07,2,-2.524319998606335,-1.2492514488690925
1,2014-03-08,2,-4.108500152733502,-0.3775044791893048
1,2014-03-09,2,-9.164609088042424,1.7880721357155227
1,2014-03-10,2,-3.9840666320498843,-3.811479815097732
1,2014-03-11,2,-2.038705120898415,-1.4401236098326875
1,2014-03-12,2,-1.7356534668310466,-1.4427318588293025
1,2014-03-13,2,-1.8845759456410283,-1.120329535421156
1,2014-03-14,2,-1.9383065029484732,-1.1636013570585928
1,2014-03-15,2,-3.321012671230559,-0.24081994654413255
1,2014-03-16,2,-10.112318643908838,2.5768514622821295
1,2014-03-17,2,-4.260480079851014,-4.219925564027959
1,2014-03-18,2,-1.3937524264216599,-1.3394500554484732
1,2014-03-19,2,-1.008139292320115,-1.1621310866543102
1,2014-03-20,2,-0.7322767958831012,-1.0754306194615204
1,2014-03-21,2,-1.5531367888237486,-0.9096992257678498
1,2014-03-22,2,-3.278811549547888,0.12837810133080924
1,2014-03-23,2,-9.281646187734083,2.486803706230202
1,2014-03-24,2,-3.853541866035358,-3.730965669255918
1,2014-03-25,2,-1.280734149703728,-1.2463385389677961
1,2014-03-26,2,-0.7884905189250613,-1.154088589258299
1,2014-03-27,2,-0.3635363111509912,-1.2549043649420903
1,2014-03-28,2,-0.030441372279851796,-1.0596596235797262
1,2014-03-29,2,-2.1458863204425396,0.34761690207678986
1,2014-03-30,2,-9.393199100448612,2.679350563238826
1,2014-03-31,2,-6.096135281149522,-3.5208770261084403
1,2014-04-01,2,-3.2807287331769794,-1.6502724476702146
1,2014-04-02,2,-2.2713193392031577,-1.4460153693165976
1,2014-04-03,2,-1.9173622945483173,-1.2534805312085642
1,2014-04-04,2,-3.3944494803489245,0.1309790813585293
1,2014-04-05,1,-18.516082435187624,6.267001600620824
1,2014-04-06,1,-16.86510787988085,-2.4587051223978977
1,2014-04-07,2,-7.058174933325444,-4.125859466987161
1,2014-04-08,2,-2.1220800003002154,-2.007256790792736
1,2014-04-09,2,-0.6643452940935406,-1.5710473676361052
1,2014-04-10,2,-0.2586818180054299,-0.8817285839961214
1,2014-04-11,2,-1.8496455037824329,0.09851372313955732
1,2014-04-12,2,-1.0938557442439278,-0.4890717715323518
1,2014-04-13,2,-5.235982414527631,2.123674945726149
1,2014-04-14,2,-0.5056416726549273,-2.6937270957592188
1,2014-04-15,2,-0.012787869549015335,-0.5920259305317618
1,2014-04-16,2,0.15280629460128692,-0.9397210029860831
1,2014-04-17,2,1.1444084141253859,-1.3370532389540128
1,2014-04-18,2,2.0010656647444227,-1.0824816714940315
1,2014-04-19,2,0.712621194414061,0.04963921927945713
1,2014-04-20,2,-5.205949936222768,2.9544197940261983
1,2014-04-21,2,0.38911742620705875,-3.511211445163473
1,2014-04-22,2,2.4627917671940955,-0.895310812129135
1,2014-04-23,2,1.2496007660263269,-0.20772531220827817
1,2014-04-24,2,1.1453629951382598,-0.848651503984597
1,2014-04-25,2,1.796505026064862,-1.0240358815138142
1,2014-04-26,2,0.2719839103957888,0.5808971751957492
1,2014-04-27,2,-4.471287151841127,1.8558095766729987
1,2014-04-28,2,-0.32161439495982624,-2.7531500735081105
1,2014-04-29,2,1.1123863240277267,-0.5188730029967576
1,2014-04-30,2,-3.1005743275413056,1.4474703956892732
1,2014-05-01,1,-20.305682203130605,6.231700902082714
1,2014-05-02,1,-15.548533127968092,-3.8723416834965114
1,2014-05-03,2,-6.8543773134016535,-2.6215547616623907
1,2014-05-04,2,-3.940759207237281,-0.5455375237382599
1,2014-05-05,2,-1.5459388710734074,-1.5375927854231377
1,2014-05-06,2,-0.939103485980794,-0.9967752879195614
1,2014-05-07,2,-0.7662555058895635,-0.7985095389604557
1,2014-05-08,2,-0.2871178837667697,-1.1555809210711785
1,2014-05-09,2,-0.40169006626003434,-1.071637643519241
1,2014-05-10,2,-1.3934842740359341,-0.2027356615187062
1,2014-05-11,2,-7.52220643314302,3.1654197550196326
1,2014-05-12,2,-2.248207941436374,-4.276055379374325
1,2014-05-13,2,2.4756249352908943,-1.814998096871077
1,2014-05-14,3,4.598539154215445,-1.6216431166543432
1,2014-05-15,3,6.032973767965742,-0.7866573102178
1,2014-05-16,3,5.985290081051355,-0.2679341557568906
1,2014-05-17,2,3.1885922782768206,0.025888976061264515
1,2014-05-18,2,-4.788752467380358,3.3627301977779847
1,2014-05-19,2,1.7766464829153934,-4.60449768297964
1,2014-05-20,2,3.65435307792819,-0.8720057476666822
1,2014-05-21,3,3.9964402777748917,-1.6229568437074178
1,2014-05-22,3,4.902374529857285,-0.5783489295053403
1,2014-05-23,2,3.0288480910462257,-0.6231948138205917
1,2014-05-24,2,2.6719443521900677,-0.591235821011857
1,2014-05-25,2,-1.4495448182695212,2.9219898629361625
1,2014-05-26,3,6.220601349569334,-3.3691306286046894
1,2014-05-27,3,9.544935850197836,-0.18376914583785378
1,2014-05-28,3,10.503418747639206,0.01534270792840731
1,2014-05-29,3,10.780646264280099,0.8910184209220455
1,2014-05-30,3,10.320190370445715,0.6702931948014996
1,2014-05-31,3,6.747370103029442,3.0125503030089735
1,2014-06-01,2,-2.962560939121795,6.691027124653008
1,2014-06-02,1,-11.384016859177413,6.208749094512476
1,2014-06-03,2,2.9172691478064237,-5.601354641432438
1,2014-06-04,3,9.110524266579663,-1.5522449538737417
1,2014-06-05,3,10.894372427318238,0.7003814460084277
1,2014-06-06,3,7.818874100390248,0.83429399015998
1,2014-06-07,3,5.632129200459208,0.702154295462563
1,2014-06-08,2,1.0694340705090608,3.103981209605382
1,2014-06-09,3,7.47468710193198,-2.2903696283462036
1,2014-06-10,3,9.425167387137142,0.1324351337892719
1,2014-06-11,3,8.479875550856221,1.0136423479661494
1,2014-06-12,3,7.485676528613796,0.24445479999434966
1,2014-06-13,3,8.323103949066594,-0.08726202196909714
1,2014-06-14,3,7.754870049292339,1.694614031940952
1,2014-06-15,2,0.7106100898753601,6.486097471019719
1,2014-06-16,3,9.34180041502487,-3.1852484982464833
1,2014-06-17,3,12.586247334830594,1.372050780192225
1,2014-06-18,3,11.904811012360534,0.3051292322655801
1,2014-06-19,3,12.722713114710045,1.0544722022263229
1,2014-06-20,3,12.12637220177381,1.1667773379601876
1,2014-06-21,3,9.031596375378712,2.5472458424504993
1,2014-06-22,2,0.6064138405560986,4.9157902396486595
1,2014-06-23,3,7.107803127458108,-3.020792978149365
1,2014-06-24,3,8.41354798781801,-0.4031619052873841
1,2014-06-25,3,9.248386915951817,-0.09172359840641617
1,2014-06-26,3,10.929789521880068,-0.49244882266478024
1,2014-06-27,3,12.133907035274406,0.7633754508972985
1,2014-06-28,3,10.679695855973906,2.5807302059565878
1,2014-06-29,2,2.7915161800039434,6.276696924217544
1,2014-06-30,3,7.331593555306571,-1.4836045546584933
1,2014-07-01,3,9.155067407408504,0.8680970017854212
1,2014-07-02,3,11.25891668700649,-0.2777890713686342
1,2014-07-03,3,13.082154526748326,0.9095270033239
1,2014-07-04,3,13.712700870416596,1.2091592343767659
1,2014-07-05,3,12.312136829954353,3.184150920435464
1,2014-07-06,3,4.9570080991581005,6.837251342701384
1,2014-07-07,3,11.986890492561002,-1.3542245755933247
1,2014-07-08,3,13.99943162117643,2.3064782776826607
1,2014-07-09,3,13.530067678405304,0.2594742523589836
1,2014-07-10,3,14.71993769344067,2.0597815616278714
1,2014-07-11,3,13.09762635744379,2.0551223996701524
1,2014-07-12,3,10.124848963979515,2.430646820817049
1,2014-07-13,2,2.327330630667515,5.67981750307245
1,2014-07-14,3,10.87722394290114,-2.474037068884459
1,2014-07-15,3,13.811555252410963,1.4408324379079698
1,2014-07-16,3,13.576165369349821,1.234064361545415
1,2014-07-17,3,13.89455613431323,1.1499839110321357
1,2014-07-18,3,11.579393298193683,2.688587991046225
1,2014-07-19,3,8.318579692484432,0.7036761073606965
1,2014-07-20,2,2.088492491583468,5.388388309697596
1,2014-07-21,3,9.12377845181007,-1.9062482329228125
1,2014-07-22,3,13.348274355501951,0.1734178733724231
1,2014-07-23,3,15.749854790834702,1.5085126078790347
1,2014-07-24,3,15.693762716552124,2.8208796182134823
1,2014-07-25,3,11.964358554085175,1.0846259678041914
1,2014-07-26,3,9.317062650855634,2.8197037982531006
1,2014-07-27,2,1.7603990533054776,4.935597180380646
1,2014-07-28,3,9.150452615190382,-2.8178652072176757
1,2014-07-29,3,12.813745154665046,0.7623648799032146
1,2014-07-30,3,13.682275870969265,1.2019547735649465
1,2014-07-31,3,13.975356407897198,1.9347814091681015
1,2014-08-01,3,13.040549603873812,2.9172088663830924
1,2014-08-02,3,9.41518268940063,2.0850903364136255
1,2014-08-03,2,2.436631279837184,4.707050960976803
1,2014-08-04,3,10.520111955463499,-1.5513523189837153
1,2014-08-05,3,13.498652051694789,0.8536671016418313
1,2014-08-06,3,13.30554016512729,1.7422552024618552
1,2014-08-07,3,12.581507211895431,1.4804864743076764
1,2014-08-08,3,12.858755590004185,0.6728120026038446
1,2014-08-09,3,11.238169819861824,2.540265891579649
1,2014-08-10,3,3.732108465017134,6.398952429287886
1,2014-08-11,3,11.375520228616251,-1.7286327453912953
1,2014-08-12,3,13.139590869005124,1.8237275344041157
1,2014-08-13,3,9.096077618226849,1.2235227124834507
1,2014-08-14,3,8.99282520744326,-0.6050615975188289
1,2014-08-15,3,10.187761498115268,-0.6167876218281604
1,2014-08-16,3,8.516172009477161,1.5470123226345909
1,2014-08-17,2,2.0908992953986747,4.488741679937421
1,2014-08-18,3,10.681996931107976,-2.1787171720598404
1,2014-08-19,3,12.150262912067475,2.2926328626039685
1,2014-08-20,3,6.6612963621581756,0.9554472001711944
1,2014-08-21,3,7.471625956215448,-1.7476949489836797
1,2014-08-22,3,8.64813737029588,-0.15576640537320902
1,2014-08-23,3,7.542326055621052,0.83855773684658
1,2014-08-24,2,1.1628196240087463,4.695554998221649
1,2014-08-25,3,9.239005034565192,-2.777904439728228
1,2014-08-26,3,12.420827392157369,0.607055686510333
1,2014-08-27,3,12.822508311100519,1.157312282603443
1,2014-08-28,3,12.951114013720042,1.2610124034816257
1,2014-08-29,3,12.978529757005589,1.28426789017575
1,2014-08-30,3,10.439514531403406,2.9445427410492018
1,2014-08-31,2,1.3018941126332324,6.9197095276112295
1,2014-09-01,3,6.8106822085500704,-2.9849248762389333
1,2014-09-02,3,10.970793843990904,-0.38142614474225567
1,2014-09-03,3,12.946963587594887,0.5436685241746639
1,2014-09-04,3,13.406547748876024,1.2310806010085091
1,2014-09-05,3,11.584825719712438,2.7335246011216006
1,2014-09-06,3,7.637103344240684,1.5698962665634137
1,2014-09-07,2,-1.253413527679737,7.038454351169901
1,2014-09-08,1,-12.735215931467781,7.055023284940329
1,2014-09-09,2,2.1216890433679616,-7.7128891640952935
1,2014-09-10,3,10.502622574124791,-0.43069905287233545
1,2014-09-11,3,11.879018137510332,0.3792290011181665
1,2014-09-12,3,10.740079501494375,1.3214067665917761
1,2014-09-13,3,8.70648115839619,0.8687241115033282
1,2014-09-14,2,3.0910397296020586,3.924372672415393
1,2014-09-15,3,9.465754493371975,-2.1490171905898716
1,2014-09-16,3,8.249507310175273,0.7224555224704677
1,2014-09-17,3,8.446433621257519,-1.2158384056469465
1,2014-09-18,3,10.137501464821687,-0.9791816302016612
1,2014-09-19,3,12.244415986150269,-0.09842195375990831
1,2014-09-20,3,8.971745399161138,3.2604938362166442
1,2014-09-21,2,-1.40507408843879,4.470863846108954
1,2014-09-22,3,4.851371546067529,-3.65698482337564
1,2014-09-23,3,7.225143289929146,-1.125844206759573
1,2014-09-24,3,8.502476624986839,-0.7310373728655184
1,2014-09-25,3,9.769396052137626,-0.5365282179510391
1,2014-09-26,3,10.47706551923348,-0.07280758719320114
1,2014-09-27,3,10.026433308178504,1.0135301103022896
1,2014-09-28,3,6.937068443051198,2.67957944025988
1,2014-09-29,3,9.757655994515002,-0.38440927313332934
1,2014-09-30,3,6.898358905121104,3.4817411842558386
1,2014-10-01,1,-13.258129214992081,8.509987298873723
1,2014-10-02,1,-15.46977608486207,1.8114082993035676
1,2014-10-03,1,-11.710624053595048,1.1900696856740902
1,2014-10-04,2,-4.389754763097144,-1.8421903008937535
1,2014-10-05,2,-1.985323141883886,1.5903921937779666
1,2014-10-06,2,2.1837073671669023,-1.9652657184254927
1,2014-10-07,2,3.295791429538272,-0.43865735568397785
1,2014-10-08,2,3.392542130076111,-0.8960225628225236
1,2014-10-09,3,4.183351546958998,-0.9932738685592383
1,2014-10-10,3,4.056860308195129,-0.6793410984851512
1,2014-10-11,2,3.7294060600768337,-0.292892253829922
1,2014-10-12,2,-2.348449359644298,3.4829796653804506
1,2014-10-13,2,1.6905258286838931,-2.898806488746755
1,2014-10-14,2,2.583115012496311,-0.9768779538096218
1,2014-10-15,2,2.3058983946733114,-0.9821761345002735
1,2014-10-16,2,2.571415258953779,-1.1273810069956576
1,2014-10-17,2,2.5027710300583568,-1.144172584234808
1,2014-10-18,2,1.197898636368489,0.011703062942425783
1,2014-10-19,2,-5.165516143779531,3.0524602011811104
1,2014-10-20,2,1.9766022609579001,-4.622580705918576
1,2014-10-21,3,5.937878465353657,-1.5040920690807973
1,2014-10-22,3,5.424894403777324,-0.22851558454924617
1,2014-10-23,2,3.5004832608367717,-0.2201797549206358
1,2014-10-24,2,3.1735574252314573,-0.7836444281640724
1,2014-10-25,2,1.3807372124198007,0.053011543884355465
1,2014-10-26,2,-4.7100980970327155,2.7828913109124795
1,2014-10-27,2,1.927713123206615,-4.063837209926859
1,2014-10-28,2,3.5249942234647094,-1.0260508104749277
1,2014-10-29,3,4.12356907322106,-1.1199938382704657
1,2014-10-30,3,4.217988687484265,-0.9403797312845721
1,2014-10-31,2,3.2002190761533478,-0.5178748312331424
1,2014-11-01,2,-0.06414885091703386,0.7317075517383561
1,2014-11-02,2,-8.453370764459564,4.077435784563426
1,2014-11-03,2,-3.4467956026576716,-4.4074716662462725
1,2014-11-04,2,-0.24873242377683538,-1.1528276593301083
1,2014-11-05,2,0.8264503170777052,-1.219988597334024
1,2014-11-06,2,1.1660527394807145,-0.8675278221717749
1,2014-11-07,2,0.3668868395152834,-0.7871653365350725
1,2014-11-08,2,-1.779637933462697,0.2519155068342372
1,2014-11-09,2,-8.337892420885009,2.694834822672801
1,2014-11-10,2,-2.446152099083694,-3.822563274029061
1,2014-11-11,2,0.013466624515039079,-1.1089785292652408
1,2014-11-12,2,-0.04642799276670561,-0.8486056408774711
1,2014-11-13,2,-0.2776686727922192,-0.9237329482623534
1,2014-11-14,2,-0.4632568735068426,-0.7978771323971595
1,2014-11-15,2,-2.4926295619757113,0.3003630967050899
1,2014-11-16,2,-9.832150941850395,2.937758416913154
1,2014-11-17,2,-3.5216935724486245,-4.485336636547829
1,2014-11-18,2,-0.6845480944332134,-1.1288643303199781
1,2014-11-19,2,-0.5389803934968789,-0.9707494634892582
1,2014-11-20,2,-0.4034275869070258,-0.9738997349657204
1,2014-11-21,2,-0.3087724405583671,-0.9736857925783382
1,2014-11-22,2,-1.5914695536067744,-0.09931621455676169
1,2014-11-23,2,-7.851740884973367,2.6712604969160005
1,2014-11-24,2,-1.6330476698060794,-4.061978198761427
1,2014-11-25,2,0.787894030761928,-1.1128782478155068
1,2014-11-26,2,0.5602341561560362,-0.8565434326891069
1,2014-11-27,2,0.47130635709984686,-1.097879302798506
1,2014-11-28,2,0.6742550454178755,-1.1209518071001068
1,2014-11-29,2,-1.2827037088188007,0.3776051344634733
1,2014-11-30,2,-9.529921545818857,3.378563206412659
1,2014-12-01,2,-5.329922428027893,-3.9854536620156793
1,2014-12-02,2,-1.7640664442352354,-1.5185912140201006
1,2014-12-03,2,-1.222873807384841,-1.0909906111967589
1,2014-12-04,2,-0.6941458716310738,-1.11255592540576
1,2014-12-05,2,-0.7382842797889437,-0.9632416839710572
1,2014-12-06,2,-2.5501742226064867,0.08280576638161509
1,2014-12-07,2,-8.566786259935858,2.452837734948078
1,2014-12-08,2,-3.2850275263292255,-3.7356537917337245
1,2014-12-09,2,-1.057663011771033,-1.101039262413823
1,2014-12-10,2,-0.7774004271872866,-0.9103089206619062
1,2014-12-11,2,-0.8176971727172894,-0.8278177860783622
1,2014-12-12,2,-0.7152326609882829,-0.9731229340370665
1,2014-12-13,2,-2.4172823590883286,0.10937881197274313
1,2014-12-14,2,-9.480859689152803,2.7200596651008726
1,2014-12-15,2,-3.629019113780477,-4.294167481418985
1,2014-12-16,2,-1.5847428309374203,-1.1448145640346796
1,2014-12-17,2,-1.140507251322738,-1.3880091331076052
1,2014-12-18,2,-0.7373697746259456,-1.4660266656961685
1,2014-12-19,2,-0.5449248293139995,-1.5128588388293807
1,2014-12-20,2,-3.0256352708426935,-0.07547720067212649
1,2014-12-21,2,-8.934659456686532,2.0338652817027794
1,2014-12-22,2,-3.5705341184143013,-3.6020283891179172
1,2014-12-23,2,-0.7268267641896741,-1.7697075431735276
1,2014-12-24,2,-1.1258007148649978,-1.2128629790713217
1,2014-12-25,2,-0.9752762734502984,-1.1619104754760972
1,2014-12-26,2,-1.2553641739791692,-1.1740298546237922
1,2014-12-27,2,-2.1749408849508303,-0.5109656092689706
1,2014-12-28,2,-6.766948456186724,1.3643143780763345
1,2014-12-29,2,-3.5883337642886666,-2.6599918205428517
1,2014-12-30,2,-3.822413785601914,-0.7151414224591387
1,2014-12-31,2,-8.117911749659774,0.9855831387319451
2,2014-01-01,1,-14.552875382761814,2.807026990264478
2,2014-01-02,2,-8.98860191993739,-3.0834201397250243
2,2014-01-03,2,-6.2548829680120495,-1.1575888023970198
2,2014-01-04,2,-7.081545993669762,-0.31742037904697396
2,2014-01-05,2,-8.651830602047534,0.4478916090445974
2,2014-01-06,2,-6.522229483436783,-1.5889743861540748
2,2014-01-07,2,-5.8780311889410335,-1.0718324476606131
2,2014-01-08,2,-5.594638551278818,-1.0692811586530504
2,2014-01-09,2,-5.308161137483306,-1.0313464412900437
2,2014-01-10,2,-5.826573878925909,-0.5733641706171458
2,2014-01-11,2,-7.548760039339594,0.24562861366910457
2,2014-01-12,2,-9.53099921525599,0.6487506626551823
2,2014-01-13,2,-6.583756972010717,-1.701605803044685
2,2014-01-14,2,-6.266789186376597,-0.5641472240561611
2,2014-01-15,2,-6.973675234612749,-0.294050069673012
2,2014-01-16,2,-7.7338608966314055,-0.2253535051296966
2,2014-01-17,2,-8.408575861514345,0.12421962726507485
2,2014-01-18,2,-10.256272895788074,0.7829374336432157
2,2014-01-19,1,-12.061619623835137,1.5348893653616893
2,2014-01-20,2,-11.120442787632511,0.05307858651374854
2,2014-01-21,2,-11.554831746055005,0.5373391702008921
2,2014-01-22,1,-12.744112188977779,0.9730057749236186
2,2014-01-23,1,-13.82862418915938,1.2783572192967934
2,2014-01-24,1,-15.253126778789769,1.824791229254359
2,2014-01-25,1,-17.864476895420484,2.435170358634467
2,2014-01-26,1,-19.438365433340422,2.330580971512845
2,2014-01-27,1,-21.405197218209953,2.450627206709262
2,2014-01-28,1,-22.85740933958633,2.5319534398266352
2,2014-01-29,1,-24.51641666857182,2.7755181831423057
2,2014-01-30,1,-25.723085224397657,3.1296433458541846
2,2014-01-31,1,-27.272699840412294,3.681439283116796
2,2014-02-01,1,-27.24231678726338,3.3400099051379777
2,2014-02-02,1,-27.081832482035274,3.18425825504371
2,2014-02-03,1,-26.56929351632686,2.894570706332359
2,2014-02-04,1,-25.70513586363596,2.891197207195587
2,2014-02-05,1,-24.825797474321476,2.5984984110039324
2,2014-02-06,1,-23.355177316831533,2.2333836305222468
2,2014-02-07,1,-20.249083012695323,1.1113078597004011
2,2014-02-08,1,-18.525870787426513,0.9536275043147167
2,2014-02-09,1,-17.08677891348445,0.9141989203518681
2,2014-02-10,1,-13.35498094869628,-0.636429240662829
2,2014-02-11,2,-10.964173471002145,-0.6762469454919003
2,2014-02-12,2,-9.240435508971377,-1.0004223378251238
2,2014-02-13,2,-7.90637367158776,-0.8626555289763427
2,2014-02-14,2,-9.599553113187566,0.952364563096692
2,2014-02-15,2,-9.500147954871343,-0.037595717971167356
2,2014-02-16,2,-10.829024038694508,0.7875218837893196
2,2014-02-17,2,-8.677775232307429,-1.1780042811380995
2,2014-02-18,2,-6.712256905297498,-1.6694809510284327
2,2014-02-19,2,-5.135381768161014,-1.4738906190799679
2,2014-02-20,2,-5.82575908059986,-0.32950884755648485
2,2014-02-21,2,-6.458333286371727,-0.40160207545193055
2,2014-02-22,2,-7.5828864771792235,-0.23627936293241705
2,2014-02-23,2,-10.308796031145219,1.0482266639591855
2,2014-02-24,2,-7.650122466472091,-1.7635139909451716
2,2014-02-25,2,-6.626006746569769,-1.15483864373215
2,2014-02-26,2,-6.396662806121777,-1.0847057746515043
2,2014-02-27,2,-6.486943414748057,-0.8529669802261749
2,2014-02-28,2,-7.126431827622524,-0.6427291247498065
2,2014-03-01,2,-9.014101743350555,0.19389228794213204
2,2014-03-02,2,-10.990269582283151,0.648639348711352
2,2014-03-03,2,-6.844231546246827,-2.421586245569786
2,2014-03-04,2,-5.54784696831787,-1.4051319400255666
2,2014-03-05,2,-5.655196211223653,-1.0482371492613167
2,2014-03-06,2,-5.351100624148307,-1.333931143067993
2,2014-03-07,2,-5.093996377867557,-1.3102786793301733
2,2014-03-08,2,-6.2306007299668815,-0.25038281134451545
2,2014-03-09,2,-8.249012497663397,0.32026730115782304
2,2014-03-10,2,-4.870556105898522,-2.3654808135356293
2,2014-03-11,2,-3.9120113029735535,-1.3878184891779006
2,2014-03-12,2,-3.62741492112547,-1.5496980287110194
2,2014-03-13,2,-4.498109246280972,-0.7500214126838626
2,2014-03-14,2,-4.99439816281197,-0.9396708566276121
2,2014-03-15,2,-6.604868970060221,-0.02669702477304863
2,2014-03-16,2,-9.687243370197312,1.115656204386077
2,2014-03-17,2,-5.9270167567641865,-2.4568219197173935
2,2014-03-18,2,-4.381515939786597,-1.3074060924863042
2,2014-03-19,2,-4.11528522532933,-1.2017476042928656
2,2014-03-20,2,-4.086565429587622,-1.2048875337682907
2,2014-03-21,2,-4.970245325292901,-1.0073886214843535
2,2014-03-22,2,-6.272360007935558,0.025616009405115558
2,2014-03-23,2,-8.98669555219039,1.1426806643577687
2,2014-03-24,2,-5.420704172472197,-2.069605812875587
2,2014-03-25,2,-3.845263113984121,-1.3150333707446151
2,2014-03-26,2,-3.3625209335004818,-1.2150246259746624
2,2014-03-27,2,-3.1061906218725603,-1.2590546425795803
2,2014-03-28,2,-2.6228283539462334,-1.1448750224350916
2,2014-03-29,2,-4.628442681289752,0.06441058020899507
2,2014-03-30,2,-8.317192080024503,0.9534043120007143
2,2014-03-31,2,-6.732051713931703,-1.7019471624305582
2,2014-04-01,2,-5.609884505355454,-0.909625694519567
2,2014-04-02,2,-4.886068339160287,-1.3138691094176553
2,2014-04-03,2,-4.444689746808003,-0.9952369872945931
2,2014-04-04,2,-5.931840279594949,0.31943943380132594
2,2014-04-05,1,-13.9703887887785,3.3475598073173023
2,2014-04-06,1,-12.398191677466603,-0.06902560408535949
2,2014-04-07,2,-7.81977420252073,-1.4397668692575183
2,2014-04-08,2,-4.716451149227215,-1.617676555953242
2,2014-04-09,2,-3.2052206285313196,-1.413831390398111
2,2014-04-10,2,-2.8066392511278475,-1.065904582917649
2,2014-04-11,2,-2.419612395290703,-1.32058991775728
2,2014-04-12,2,-3.320865172811365,-0.4230457836552506
2,2014-04-13,2,-4.787664948242408,0.33814908142700284
2,2014-04-14,2,-0.9994157066333754,-1.5871216946545295
2,2014-04-15,2,-2.0126482112012765,-0.8444781331764182
2,2014-04-16,2,-2.186028000576628,-1.0464282378916212
2,2014-04-17,2,-0.9276651021645944,-1.7728774784416506
2,2014-04-18,2,-0.18506357654171873,-1.4961678153162863
2,2014-04-19,2,-1.4914133836340917,-0.28236499996924275
2,2014-04-20,2,-4.057123609922392,1.279070908974037
2,2014-04-21,2,0.23974507065584091,-2.35922670636643
2,2014-04-22,2,0.05238759588332511,-0.9295920748579742
2,2014-04-23,2,-1.5356034384108879,-0.8691782857203996
2,2014-04-24,2,-1.6545889282154937,-1.304481325954342
2,2014-04-25,2,-0.7228902921992176,-1.496316468936479
2,2014-04-26,2,-2.7116499604858317,0.3108944040989404
2,2014-04-27,2,-5.175570420786721,0.59892658783755
2,2014-04-28,2,-2.1625840516954806,-2.20354705495797
2,2014-04-29,2,-1.5672294830906843,-0.8796024982727126
2,2014-04-30,2,-5.950279078153812,0.5799644412321422
2,2014-05-01,1,-15.428964320593685,3.6835320361461577
2,2014-05-02,1,-12.442209075145614,-0.5796702385617252
2,2014-05-03,2,-6.998135026023139,-1.1414110282178604
2,2014-05-04,2,-4.131321645869417,-0.959408845519183
2,2014-05-05,2,-4.448328131287369,-1.0346227474772058
2,2014-05-06,2,-4.168946070706264,-1.0868533216861322
2,2014-05-07,2,-3.7590211798527613,-0.9283800378052633
2,2014-05-08,2,-3.2626124240239083,-1.3703164148549438
2,2014-05-09,2,-3.0301238954932797,-1.0735470002249548
2,2014-05-10,2,-4.1248844145409045,-0.12209021536271994
2,2014-05-11,2,-6.425805996265501,1.0691889841320674
2,2014-05-12,2,-2.1284808786417506,-2.5398891574832154
2,2014-05-13,2,1.9307191876464154,-2.804259701363032
2,2014-05-14,3,4.4990645304157955,-2.218889122614421
2,2014-05-15,3,5.869909641540582,-1.3489795844132184
2,2014-05-16,3,5.233780794054035,-0.7913815669506905
2,2014-05-17,2,2.242323335463341,0.47931991258067796
2,2014-05-18,2,-2.461485607377567,1.3745589978201591
2,2014-05-19,2,2.0858989751258212,-3.169830967917538
2,2014-05-20,2,3.225947612628098,-1.4607819613249249
2,2014-05-21,2,3.116058498515842,-1.4932321895485634
2,2014-05-22,3,3.3392078476313563,-0.8279627571825146
2,2014-05-23,2,1.4251486836916387,-1.4164656043887607
2,2014-05-24,2,0.9611832328024349,-0.6852351416179129
2,2014-05-25,2,0.914625096775921,0.5092881094317933
2,2014-05-26,3,7.0390262615470585,-2.8890881581184362
2,2014-05-27,3,9.86254305552606,-1.1442189116840606
2,2014-05-28,3,10.924297892798311,-0.8036254590547635
2,2014-05-29,3,11.159851449587968,0.18968224398872172
2,2014-05-30,3,10.942370525821508,-0.44760319401536824
2,2014-05-31,3,7.743791330396156,2.0321936110586165
2,2014-06-01,3,3.8127390414783537,4.569649684855423
2,2014-06-02,2,0.6463521716808918,5.094680898730649
2,2014-06-03,3,7.613918682555247,-0.2772520677941982
2,2014-06-04,3,10.909602223581162,-2.1041170553338517
2,2014-06-05,3,12.317546958485604,0.5025795948793376
2,2014-06-06,3,7.275904888214382,0.3806942166175448
2,2014-06-07,3,4.330754660389828,0.6388309160315265
2,2014-06-08,3,3.629367358483956,0.7884598665976518
2,2014-06-09,3,9.922437158679891,-1.3885653096435013
2,2014-06-10,3,10.513001462344196,-0.05337843436754254
2,2014-06-11,3,7.694494936937728,0.8615807330681617
2,2014-06-12,3,7.529799512372858,-1.3489759920857387
2,2014-06-13,3,9.247678011480994,-0.6357809691691496
2,2014-06-14,3,8.94713557463846,1.6388851472028356
2,2014-06-15,3,8.498407318932314,4.040151347225164
2,2014-06-16,3,16.85283982933414,-0.6538376126965102
2,2014-06-17,3,16.353362964879285,2.556044818629345
2,2014-06-18,3,14.879142843843528,0.011686279193017415
2,2014-06-19,3,15.429660856567196,0.9338658874310399
2,2014-06-20,3,14.10825470459131,1.3541070045469452
2,2014-06-21,3,8.47066670192131,2.9749996206358427
2,2014-06-22,3,3.394375908417285,2.450370198571623
2,2014-06-23,3,8.119923889885591,-1.740755500776355
2,2014-06-24,3,8.668516250125741,-1.715675285095716
2,2014-06-25,3,9.316916053330349,-0.2915943967744475
2,2014-06-26,3,12.256104981079595,-1.7832642655800466
2,2014-06-27,3,15.0065037502495,-0.07288621037746765
2,2014-06-28,3,13.824223673091526,2.786655857039017
2,2014-06-29,3,10.253004609368014,4.683923176958979
2,2014-06-30,3,13.733609411533918,0.18953016263936537
2,2014-07-01,3,12.76970451289198,2.0653479127241994
2,2014-07-02,3,13.281422748382155,0.06430640788678645
2,2014-07-03,3,14.44599421092283,-0.371285851951235
2,2014-07-04,3,16.191930939387916,0.18793249379096413
2,2014-07-05,3,14.646249661638937,3.1262947005242543
2,2014-07-06,3,12.37244610516192,4.923403076980212
2,2014-07-07,3,17.467114290271358,0.7686648080758357
2,2014-07-08,3,16.079008674979978,2.466065388046395
2,2014-07-09,3,14.754850148404897,-1.5867471717041544
2,2014-07-10,3,17.259719527530162,1.4891532933029217
2,2014-07-11,3,13.416050526046039,2.2839670523296833
2,2014-07-12,3,8.81588221042404,2.217800869715571
2,2014-07-13,3,6.685140432977824,2.5256088300620076
2,2014-07-14,3,14.439316829292538,-1.2708386617701237
2,2014-07-15,3,15.735325203157126,1.120668894900778
2,2014-07-16,3,15.204157006645872,0.9246102823011895
2,2014-07-17,3,15.920867484864214,0.6775159950444909
2,2014-07-18,3,12.126181496236914,3.073091592845918
2,2014-07-19,3,6.585884288707766,0.6487694417984592
2,2014-07-20,3,4.9672164608429314,2.688244213533649
2,2014-07-21,3,10.305371369712898,-0.848774881361002
2,2014-07-22,3,13.36300639857666,-1.5458081372334218
2,2014-07-23,3,17.85229467628847,0.23093107402513724
2,2014-07-24,3,17.5979440678557,2.6448744422265116
2,2014-07-25,3,12.54409980998354,-0.07442032420903384
2,2014-07-26,3,8.929091821549356,3.135319197999021
2,2014-07-27,3,4.490384562405647,3.1068614319669425
2,2014-07-28,3,11.325919988350849,-1.699456441765048
2,2014-07-29,3,14.360683828369591,0.1414852314161675
2,2014-07-30,3,15.901979077693177,0.6583756008543815
2,2014-07-31,3,17.33118214542615,1.1147841034189119
2,2014-08-01,3,17.37586318385942,2.6539546940828522
2,2014-08-02,3,11.82607859739001,3.025865315469184
2,2014-08-03,3,7.26417581506705,2.7713695028364724
2,2014-08-04,3,14.939131106419175,-0.26816061457095464
2,2014-08-05,3,16.025930267259373,0.7803857987947308
2,2014-08-06,3,14.311737297504258,0.970390450239207
2,2014-08-07,3,13.136601295062247,0.8531846910491404
2,2014-08-08,3,12.897576542910238,-1.018181421669295
2,2014-08-09,3,11.457297579066864,2.241796608655371
2,2014-08-10,3,8.519879150562316,3.9651762678990536
2,2014-08-11,3,13.803150356138048,-0.3652420660989782
2,2014-08-12,3,14.473613719221907,1.516655155203682
2,2014-08-13,3,8.366599541546865,0.64538276754903
2,2014-08-14,3,7.744303840584208,-0.863014514631947
2,2014-08-15,3,8.97320441894462,-1.3525944326203354
2,2014-08-16,3,6.208535351496841,1.064292654943474
2,2014-08-17,3,4.970326662039506,2.0222710767491927
2,2014-08-18,3,13.524879047036453,-1.391618078448975
2,2014-08-19,3,12.145429391845063,2.8237172192078996
2,2014-08-20,3,4.860894965929607,0.47958263028826537
2,2014-08-21,3,5.704075299443716,-2.366392564911568
2,2014-08-22,3,7.193727015927061,-1.1854350979329629
2,2014-08-23,3,6.323277421451315,-0.0014101446368544235
2,2014-08-24,3,4.82138800459452,2.456831969502715
2,2014-08-25,3,11.522295402150982,-1.7045287744265412
2,2014-08-26,3,14.167751099888035,-0.007341861505786928
2,2014-08-27,3,14.644516052872802,0.4767831532542519
2,2014-08-28,3,14.325116233466495,0.939422778345708
2,2014-08-29,3,14.249855935122357,0.3639165240273974
2,2014-08-30,3,12.2251461982799,2.889328515723189
2,2014-08-31,3,6.892511885610668,5.433142293766444
2,2014-09-01,3,10.190399225940709,-1.8387085392644384
2,2014-09-02,3,13.640322496711486,-0.7616445876855278
2,2014-09-03,3,15.106533221454479,0.22762971051295183
2,2014-09-04,3,15.003693018923729,0.1774866414141124
2,2014-09-05,3,13.191687035851135,3.0991310486095536
2,2014-09-06,3,8.25167038417558,1.28768876243475
2,2014-09-07,3,5.2369309398495485,4.935714905057002
2,2014-09-08,2,-2.7030041129351137,6.560104147679094
2,2014-09-09,3,7.429241476491494,-3.291280300411281
2,2014-09-10,3,12.468410455975938,-1.1078872589968496
2,2014-09-11,3,14.390093760210696,-0.1519239619232451
2,2014-09-12,3,13.239443298682078,1.2715768791890636
2,2014-09-13,3,9.160184016408829,1.450233956716421
2,2014-09-14,3,7.550013540685292,1.7260246209447865
2,2014-09-15,3,13.882279174338082,-1.2432485663964832
2,2014-09-16,3,9.305471892652514,1.3709645481167483
2,2014-09-17,3,8.773380257595873,-1.9097250210896461
2,2014-09-18,3,11.069082821500677,-1.8448285029480656
2,2014-09-19,3,13.69061772076921,-1.1001648899057643
2,2014-09-20,3,6.709699740604114,3.651276618034828
2,2014-09-21,2,-1.1196636386467644,2.7176161099769702
2,2014-09-22,3,4.151618181622893,-2.867181955660502
2,2014-09-23,3,5.664903832365673,-1.7244380178914271
2,2014-09-24,3,7.050924303839797,-1.6459436977210045
2,2014-09-25,3,9.073493376633083,-1.37465843338304
2,2014-09-26,3,10.465071566887426,-0.7482853989412392
2,2014-09-27,3,9.067698086401894,1.2937627401035023
2,2014-09-28,3,9.506359495138703,0.3169699259399531
2,2014-09-29,3,11.516037878068422,-0.44584558402057484
2,2014-09-30,3,10.128089931345306,2.043325468766664
2,2014-10-01,2,-3.6489530465899542,7.427512557217566
2,2014-10-02,2,-4.625751093051752,3.1503699871528
2,2014-10-03,2,-3.34664282578093,2.6201168031044624
2,2014-10-04,2,-0.8692550558766126,1.32779858700349
2,2014-10-05,2,-1.6955443443445202,2.4134727528599655
2,2014-10-06,2,-1.2347751150928297,-0.18303246122175912
2,2014-10-07,2,-1.0050611992590894,0.1368356035210209
2,2014-10-08,2,0.36280354168198486,-1.2583109913054145
2,2014-10-09,2,1.0725417022561379,-1.4441645628899193
2,2014-10-10,2,1.4078086078926682,-1.2495245570206182
2,2014-10-11,2,1.519266797833803,-0.9139749953863004
2,2014-10-12,2,-2.646922378567243,1.8757995272485206
2,2014-10-13,2,-0.6381585170930019,-1.51753799718236
2,2014-10-14,2,-0.9964375660024354,-1.0764713620417574
2,2014-10-15,2,-1.1687193206556301,-1.288469093687949
2,2014-10-16,2,-0.44141955282208645,-1.6165174426890045
2,2014-10-17,2,-0.19980266567284724,-1.4486852315711267
2,2014-10-18,2,-1.8841330369926317,-0.13921288069367188
2,2014-10-19,2,-4.078763056980855,0.9586614591672218
2,2014-10-20,2,1.6419668804741885,-3.14487469211945
2,2014-10-21,3,4.566819729588167,-2.020233942303536
2,2014-10-22,2,2.3979886704706503,-0.8180086221796807
2,2014-10-23,2,-0.13906896836228674,-0.26424268945766366
2,2014-10-24,2,-0.3437141356492342,-1.2418861884682029
2,2014-10-25,2,-1.8129825840711626,-0.1397570293298651
2,2014-10-26,2,-4.276954193224897,0.9708282948755044
2,2014-10-27,2,0.8070152100378039,-3.022138549943824
2,2014-10-28,2,1.3171620328861156,-1.2319994717761882
2,2014-10-29,2,2.17864239439092,-1.809265105564518
2,2014-10-30,2,2.1965368689454845,-1.441440714023621
2,2014-10-31,2,1.3631163613046382,-1.1004773450934462
2,2014-11-01,2,-1.1108415783315828,0.38610473368232573
2,2014-11-02,2,-5.909819685423816,2.8359106261537517
2,2014-11-03,2,-4.82353586792984,-1.8834127340596074
2,2014-11-04,2,-3.856939509532049,-0.947699027881838
2,2014-11-05,2,-2.7091857578141383,-1.4682603772149458
2,2014-11-06,2,-3.378707890867964,-0.6489848752492284
2,2014-11-07,2,-4.060553980970833,-0.9241350301710843
2,2014-11-08,2,-6.362472854820902,0.26554996937850384
2,2014-11-09,2,-8.828254043192464,0.9733019516421353
2,2014-11-10,2,-5.042699998789293,-2.024420656883258
2,2014-11-11,2,-3.9041344683352084,-1.0178397606440122
2,2014-11-12,2,-4.150263391555001,-0.8360688056029588
2,2014-11-13,2,-4.2558632330947646,-0.9090807853955218
2,2014-11-14,2,-4.604127275495073,-0.673788840717051
2,2014-11-15,2,-6.0594797202499215,0.10828138904108191
2,2014-11-16,2,-9.038844401697538,1.152944182504725
2,2014-11-17,2,-5.593402255137584,-2.1675769308936927
2,2014-11-18,2,-4.6043705528416785,-1.069928054905654
2,2014-11-19,2,-4.382875698088575,-0.9694983876046918
2,2014-11-20,2,-4.3238882514732575,-1.1413863167187628
2,2014-11-21,2,-4.108557457335675,-0.9640060818703883
2,2014-11-22,2,-5.358642663953937,-0.19809232921923917
2,2014-11-23,2,-7.831499021155402,0.7986807449096123
2,2014-11-24,2,-3.8380936806023644,-2.47223509462515
2,2014-11-25,2,-2.3578979748665367,-1.5793546499005116
2,2014-11-26,2,-3.128621503503193,-1.3518364715953346
2,2014-11-27,2,-2.2822575490222654,-1.5009732861062022
2,2014-11-28,2,-2.1416868558334556,-1.355496302740615
2,2014-11-29,2,-3.714719381252217,-0.18240686886669336
2,2014-11-30,2,-6.909857081170113,1.030746079218861
2,2014-12-01,2,-7.037597006143553,-1.1657524395193253
2,2014-12-02,2,-5.6127445892882655,-1.4333295820877248
2,2014-12-03,2,-4.6563940712726835,-1.426561978488683
2,2014-12-04,2,-4.40054407707346,-1.323622850136696
2,2014-12-05,2,-4.300658508142894,-0.9867676478093522
2,2014-12-06,2,-6.257469308990461,0.1370694368247812
2,2014-12-07,2,-8.041001562043297,0.39358098710184275
2,2014-12-08,2,-5.143165433801345,-2.096356366160348
2,2014-12-09,2,-4.217262561566945,-1.051958155246977
2,2014-12-10,2,-4.335970588564315,-0.9483683792735347
2,2014-12-11,2,-4.237428786009208,-0.9858656413207698
2,2014-12-12,2,-3.9674015415253057,-1.0157063088458373
2,2014-12-13,2,-5.317142490203647,-0.07373242248659709
2,2014-12-14,2,-8.307327605465957,1.106793656504563
2,2014-12-15,2,-5.398684760552963,-2.165209500720409
2,2014-12-16,2,-4.48068974854707,-1.1637438749848856
2,2014-12-17,2,-3.596398202725321,-1.4303854106915737
2,2014-12-18,2,-2.920188743704482,-1.3330219290610021
2,2014-12-19,2,-2.6248553849444356,-1.4697002459197255
2,2014-12-20,2,-4.602881745947457,-0.017038607343204146
2,2014-12-21,2,-7.036875553196605,0.5873767798441475
2,2014-12-22,2,-4.698906998362868,-1.6256174293718821
2,2014-12-23,2,-3.2636572497334337,-1.808440014124942
2,2014-12-24,2,-3.5907954440231196,-1.1885179065050793
2,2014-12-25,2,-3.8663163546026795,-1.1408193400561228
2,2014-12-26,2,-4.127641211906431,-1.0995701744147832
2,2014-12-27,2,-5.16277066834166,-0.6868099672340707
2,2014-12-28,2,-6.986443870357525,-0.05890994437949415
2,2014-12-29,2,-4.946553871462873,-1.7260915081505646
2,2014-12-30,2,-5.092985554621828,-0.7786740663375494
2,2014-12-31,2,-7.354863125596304,0.2502448367755579
