date,slot,method,forecast_MW
2015-01-04,0,lag7,5484.0171
2015-01-04,1,lag7,5354.0959
2015-01-04,2,lag7,5278.6853
2015-01-04,3,lag7,5224.8597
2015-01-04,4,lag7,5146.2888
2015-01-04,5,lag7,5073.1033
2015-01-04,6,lag7,5045.4930
2015-01-04,7,lag7,5001.8542
2015-01-04,8,lag7,4963.4763
2015-01-04,9,lag7,4898.3528
2015-01-04,10,lag7,4862.6641
2015-01-04,11,lag7,4827.4891
2015-01-04,12,lag7,4782.4764
2015-01-04,13,lag7,4770.8031
2015-01-04,14,lag7,4729.2953
2015-01-04,15,lag7,4703.9668
2015-01-04,16,lag7,4687.2278
2015-01-04,17,lag7,4664.5858
2015-01-04,18,lag7,4643.9837
2015-01-04,19,lag7,4631.5806
2015-01-04,20,lag7,4628.1419
2015-01-04,21,lag7,4628.1335
2015-01-04,22,lag7,4616.6711
2015-01-04,23,lag7,4635.8594
2015-01-04,24,lag7,4635.7525
2015-01-04,25,lag7,4651.0065
2015-01-04,26,lag7,4683.4998
2015-01-04,27,lag7,4719.4792
2015-01-04,28,lag7,4781.7747
2015-01-04,29,lag7,4960.0361
2015-01-04,30,lag7,5084.6875
2015-01-04,31,lag7,5318.0026
2015-01-04,32,lag7,5798.2421
2015-01-04,33,lag7,6437.7878
2015-01-04,34,lag7,6681.9888
2015-01-04,35,lag7,6868.4453
2015-01-04,36,lag7,6979.9398
2015-01-04,37,lag7,7091.8103
2015-01-04,38,lag7,7157.8675
2015-01-04,39,lag7,7267.0497
2015-01-04,40,lag7,7289.0140
2015-01-04,41,lag7,7360.6665
2015-01-04,42,lag7,7419.4460
2015-01-04,43,lag7,7463.9621
2015-01-04,44,lag7,7484.2540
2015-01-04,45,lag7,7501.1860
2015-01-04,46,lag7,7420.6460
2015-01-04,47,lag7,7152.5979
2015-01-04,48,lag7,6453.3377
2015-01-04,49,lag7,5929.7743
2015-01-04,50,lag7,5880.6016
2015-01-04,51,lag7,5884.5625
2015-01-04,52,lag7,5854.1519
2015-01-04,53,lag7,5964.4834
2015-01-04,54,lag7,6249.6423
2015-01-04,55,lag7,6738.7460
2015-01-04,56,lag7,6847.8016
2015-01-04,57,lag7,6919.1275
2015-01-04,58,lag7,6958.5475
2015-01-04,59,lag7,6965.0486
2015-01-04,60,lag7,6986.2825
2015-01-04,61,lag7,7021.9225
2015-01-04,62,lag7,7036.5316
2015-01-04,63,lag7,7087.7748
2015-01-04,64,lag7,7137.8903
2015-01-04,65,lag7,7200.1675
2015-01-04,66,lag7,7252.1538
2015-01-04,67,lag7,7255.8540
2015-01-04,68,lag7,7190.0688
2015-01-04,69,lag7,7147.6535
2015-01-04,70,lag7,6886.9140
2015-01-04,71,lag7,6677.4260
2015-01-04,72,lag7,6715.1223
2015-01-04,73,lag7,6796.7275
2015-01-04,74,lag7,6857.1273
2015-01-04,75,lag7,6877.5151
2015-01-04,76,lag7,6809.2938
2015-01-04,77,lag7,6782.1278
2015-01-04,78,lag7,6727.0239
2015-01-04,79,lag7,6661.5540
2015-01-04,80,lag7,6617.4724
2015-01-04,81,lag7,6615.5697
2015-01-04,82,lag7,6652.5897
2015-01-04,83,lag7,6624.1398
2015-01-04,84,lag7,6597.8875
2015-01-04,85,lag7,6573.8340
2015-01-04,86,lag7,6512.3013
2015-01-04,87,lag7,6399.7535
2015-01-04,88,lag7,6296.0374
2015-01-04,89,lag7,6188.3566
2015-01-04,90,lag7,6007.1697
2015-01-04,91,lag7,5850.2449
2015-01-04,92,lag7,5646.3203
2015-01-04,93,lag7,5443.3806
2015-01-04,94,lag7,5210.6575
2015-01-04,95,lag7,5054.4213
2015-01-05,0,lag7,4915.5016
2015-01-05,1,lag7,4822.9010
2015-01-05,2,lag7,4745.0740
2015-01-05,3,lag7,4685.2699
2015-01-05,4,lag7,4638.0100
2015-01-05,5,lag7,4558.6464
2015-01-05,6,lag7,4545.8289
2015-01-05,7,lag7,4499.3021
2015-01-05,8,lag7,4462.3169
2015-01-05,9,lag7,4434.2336
2015-01-05,10,lag7,4399.0052
2015-01-05,11,lag7,4376.0979
2015-01-05,12,lag7,4311.7179
2015-01-05,13,lag7,4292.4335
2015-01-05,14,lag7,4287.7468
2015-01-05,15,lag7,4262.5042
2015-01-05,16,lag7,4253.2947
2015-01-05,17,lag7,4250.3068
2015-01-05,18,lag7,4247.7602
2015-01-05,19,lag7,4224.2598
2015-01-05,20,lag7,4232.0453
2015-01-05,21,lag7,4258.2072
2015-01-05,22,lag7,4262.7784
2015-01-05,23,lag7,4304.0163
2015-01-05,24,lag7,4373.6223
2015-01-05,25,lag7,4526.0073
2015-01-05,26,lag7,4569.8449
2015-01-05,27,lag7,4718.9795
2015-01-05,28,lag7,4927.8372
2015-01-05,29,lag7,5233.8625
2015-01-05,30,lag7,5448.9114
2015-01-05,31,lag7,5796.2411
2015-01-05,32,lag7,6624.2097
2015-01-05,33,lag7,7618.1959
2015-01-05,34,lag7,7989.2214
2015-01-05,35,lag7,8199.0231
2015-01-05,36,lag7,8318.9735
2015-01-05,37,lag7,8425.4621
2015-01-05,38,lag7,8493.5444
2015-01-05,39,lag7,8590.6244
2015-01-05,40,lag7,8632.9300
2015-01-05,41,lag7,8665.5484
2015-01-05,42,lag7,8717.8928
2015-01-05,43,lag7,8738.9556
2015-01-05,44,lag7,8733.0428
2015-01-05,45,lag7,8715.8903
2015-01-05,46,lag7,8542.7959
2015-01-05,47,lag7,8156.7053
2015-01-05,48,lag7,7154.4076
2015-01-05,49,lag7,6462.9813
2015-01-05,50,lag7,6417.4802
2015-01-05,51,lag7,6383.2375
2015-01-05,52,lag7,6434.4550
2015-01-05,53,lag7,6601.0736
2015-01-05,54,lag7,7107.8641
2015-01-05,55,lag7,7845.8228
2015-01-05,56,lag7,8019.7797
2015-01-05,57,lag7,8160.5594
2015-01-05,58,lag7,8180.3200
2015-01-05,59,lag7,8179.2297
2015-01-05,60,lag7,8208.1740
2015-01-05,61,lag7,8234.9050
2015-01-05,62,lag7,8280.1169
2015-01-05,63,lag7,8347.2306
2015-01-05,64,lag7,8430.0268
2015-01-05,65,lag7,8477.6894
2015-01-05,66,lag7,8513.9603
2015-01-05,67,lag7,8506.0862
2015-01-05,68,lag7,8399.5244
2015-01-05,69,lag7,8290.0103
2015-01-05,70,lag7,7775.4653
2015-01-05,71,lag7,7412.2028
2015-01-05,72,lag7,7482.1750
2015-01-05,73,lag7,7752.7272
2015-01-05,74,lag7,7997.9125
2015-01-05,75,lag7,8243.6847
2015-01-05,76,lag7,8284.8897
2015-01-05,77,lag7,8304.8594
2015-01-05,78,lag7,8228.9950
2015-01-05,79,lag7,8167.7050
2015-01-05,80,lag7,8045.3753
2015-01-05,81,lag7,8033.4400
2015-01-05,82,lag7,8018.7494
2015-01-05,83,lag7,7982.5211
2015-01-05,84,lag7,7864.5897
2015-01-05,85,lag7,7779.5111
2015-01-05,86,lag7,7655.2966
2015-01-05,87,lag7,7456.1379
2015-01-05,88,lag7,7311.7234
2015-01-05,89,lag7,7099.3478
2015-01-05,90,lag7,6880.0234
2015-01-05,91,lag7,6632.3837
2015-01-05,92,lag7,6366.3245
2015-01-05,93,lag7,6060.3940
2015-01-05,94,lag7,5801.5028
2015-01-05,95,lag7,5575.6849
2015-01-06,0,lag7,5389.3197
2015-01-06,1,lag7,5276.1437
2015-01-06,2,lag7,5173.6220
2015-01-06,3,lag7,5124.4951
2015-01-06,4,lag7,5024.8540
2015-01-06,5,lag7,5007.8509
2015-01-06,6,lag7,4948.0825
2015-01-06,7,lag7,4915.2423
2015-01-06,8,lag7,4863.8743
2015-01-06,9,lag7,4822.2372
2015-01-06,10,lag7,4793.3716
2015-01-06,11,lag7,4763.5473
2015-01-06,12,lag7,4723.4847
2015-01-06,13,lag7,4689.9550
2015-01-06,14,lag7,4663.7828
2015-01-06,15,lag7,4653.9221
2015-01-06,16,lag7,4623.8322
2015-01-06,17,lag7,4611.6067
2015-01-06,18,lag7,4587.4886
2015-01-06,19,lag7,4583.8122
2015-01-06,20,lag7,4578.7844
2015-01-06,21,lag7,4578.1060
2015-01-06,22,lag7,4608.8645
2015-01-06,23,lag7,4636.9516
2015-01-06,24,lag7,4677.3273
2015-01-06,25,lag7,4785.9410
2015-01-06,26,lag7,4870.2868
2015-01-06,27,lag7,5006.8010
2015-01-06,28,lag7,5145.1244
2015-01-06,29,lag7,5415.7586
2015-01-06,30,lag7,5596.0276
2015-01-06,31,lag7,5910.0704
2015-01-06,32,lag7,6619.6501
2015-01-06,33,lag7,7570.3535
2015-01-06,34,lag7,7835.1836
2015-01-06,35,lag7,8045.6425
2015-01-06,36,lag7,8125.1060
2015-01-06,37,lag7,8215.0075
2015-01-06,38,lag7,8290.7819
2015-01-06,39,lag7,8362.9525
2015-01-06,40,lag7,8392.3197
2015-01-06,41,lag7,8410.3179
2015-01-06,42,lag7,8471.9894
2015-01-06,43,lag7,8479.0179
2015-01-06,44,lag7,8463.1825
2015-01-06,45,lag7,8455.5184
2015-01-06,46,lag7,8265.0700
2015-01-06,47,lag7,7877.0210
2015-01-06,48,lag7,6932.3041
2015-01-06,49,lag7,6241.1997
2015-01-06,50,lag7,6172.0174
2015-01-06,51,lag7,6116.8516
2015-01-06,52,lag7,6178.5540
2015-01-06,53,lag7,6330.6798
2015-01-06,54,lag7,6831.9465
2015-01-06,55,lag7,7547.3486
2015-01-06,56,lag7,7679.5501
2015-01-06,57,lag7,7854.5735
2015-01-06,58,lag7,7878.8561
2015-01-06,59,lag7,7889.7386
2015-01-06,60,lag7,7893.5078
2015-01-06,61,lag7,7942.9328
2015-01-06,62,lag7,7972.3460
2015-01-06,63,lag7,8021.1803
2015-01-06,64,lag7,8086.4519
2015-01-06,65,lag7,8142.1140
2015-01-06,66,lag7,8177.7437
2015-01-06,67,lag7,8162.4532
2015-01-06,68,lag7,8040.3794
2015-01-06,69,lag7,7920.1825
2015-01-06,70,lag7,7446.2336
2015-01-06,71,lag7,7115.6374
2015-01-06,72,lag7,7155.5260
2015-01-06,73,lag7,7411.0998
2015-01-06,74,lag7,7646.2272
2015-01-06,75,lag7,7863.2003
2015-01-06,76,lag7,7861.8850
2015-01-06,77,lag7,7871.1587
2015-01-06,78,lag7,7844.0664
2015-01-06,79,lag7,7766.0641
2015-01-06,80,lag7,7646.1977
2015-01-06,81,lag7,7643.2023
2015-01-06,82,lag7,7641.9714
2015-01-06,83,lag7,7588.7584
2015-01-06,84,lag7,7500.2547
2015-01-06,85,lag7,7424.5211
2015-01-06,86,lag7,7303.5672
2015-01-06,87,lag7,7136.2764
2015-01-06,88,lag7,6957.7586
2015-01-06,89,lag7,6782.8998
2015-01-06,90,lag7,6575.1766
2015-01-06,91,lag7,6318.6775
2015-01-06,92,lag7,6044.9772
2015-01-06,93,lag7,5794.4514
2015-01-06,94,lag7,5574.9213
2015-01-06,95,lag7,5363.8159
2015-01-07,0,lag7,5165.7761
2015-01-07,1,lag7,5059.3853
2015-01-07,2,lag7,4948.5499
2015-01-07,3,lag7,4901.2590
2015-01-07,4,lag7,4809.4333
2015-01-07,5,lag7,4769.9322
2015-01-07,6,lag7,4711.1936
2015-01-07,7,lag7,4667.8501
2015-01-07,8,lag7,4627.1979
2015-01-07,9,lag7,4598.5136
2015-01-07,10,lag7,4542.4896
2015-01-07,11,lag7,4514.8150
2015-01-07,12,lag7,4461.6335
2015-01-07,13,lag7,4444.3460
2015-01-07,14,lag7,4421.3621
2015-01-07,15,lag7,4405.4748
2015-01-07,16,lag7,4375.2405
2015-01-07,17,lag7,4357.3652
2015-01-07,18,lag7,4343.7053
2015-01-07,19,lag7,4329.7328
2015-01-07,20,lag7,4322.9621
2015-01-07,21,lag7,4313.0172
2015-01-07,22,lag7,4333.6473
2015-01-07,23,lag7,4338.0447
2015-01-07,24,lag7,4395.7483
2015-01-07,25,lag7,4457.9472
2015-01-07,26,lag7,4548.4947
2015-01-07,27,lag7,4686.7234
2015-01-07,28,lag7,4801.7101
2015-01-07,29,lag7,5040.4468
2015-01-07,30,lag7,5205.3311
2015-01-07,31,lag7,5440.6281
2015-01-07,32,lag7,6090.8186
2015-01-07,33,lag7,6942.1501
2015-01-07,34,lag7,7169.3979
2015-01-07,35,lag7,7352.2375
2015-01-07,36,lag7,7446.0072
2015-01-07,37,lag7,7531.1598
2015-01-07,38,lag7,7588.4974
2015-01-07,39,lag7,7663.2616
2015-01-07,40,lag7,7693.4987
2015-01-07,41,lag7,7725.9639
2015-01-07,42,lag7,7797.7699
2015-01-07,43,lag7,7785.8163
2015-01-07,44,lag7,7740.4060
2015-01-07,45,lag7,7739.1540
2015-01-07,46,lag7,7617.8865
2015-01-07,47,lag7,7259.6078
2015-01-07,48,lag7,6413.9205
2015-01-07,49,lag7,5756.5665
2015-01-07,50,lag7,5683.0398
2015-01-07,51,lag7,5675.2262
2015-01-07,52,lag7,5677.9460
2015-01-07,53,lag7,5816.0735
2015-01-07,54,lag7,6247.1777
2015-01-07,55,lag7,6854.8811
2015-01-07,56,lag7,6967.0028
2015-01-07,57,lag7,7075.9324
2015-01-07,58,lag7,7105.0586
2015-01-07,59,lag7,7100.1897
2015-01-07,60,lag7,7103.9509
2015-01-07,61,lag7,7103.3575
2015-01-07,62,lag7,7128.7586
2015-01-07,63,lag7,7178.5689
2015-01-07,64,lag7,7190.0153
2015-01-07,65,lag7,7205.6135
2015-01-07,66,lag7,7206.0147
2015-01-07,67,lag7,7185.1914
2015-01-07,68,lag7,6992.9190
2015-01-07,69,lag7,6826.7411
2015-01-07,70,lag7,6387.2379
2015-01-07,71,lag7,6081.8210
2015-01-07,72,lag7,6068.4508
2015-01-07,73,lag7,6209.6547
2015-01-07,74,lag7,6286.6520
2015-01-07,75,lag7,6316.8579
2015-01-07,76,lag7,6261.6826
2015-01-07,77,lag7,6211.3089
2015-01-07,78,lag7,6116.6903
2015-01-07,79,lag7,6055.0684
2015-01-07,80,lag7,5960.7039
2015-01-07,81,lag7,5926.9394
2015-01-07,82,lag7,5896.6220
2015-01-07,83,lag7,5852.3125
2015-01-07,84,lag7,5802.5111
2015-01-07,85,lag7,5758.5836
2015-01-07,86,lag7,5726.4616
2015-01-07,87,lag7,5634.6343
2015-01-07,88,lag7,5595.0316
2015-01-07,89,lag7,5512.1903
2015-01-07,90,lag7,5389.1181
2015-01-07,91,lag7,5255.9524
2015-01-07,92,lag7,5097.8828
2015-01-07,93,lag7,4889.3870
2015-01-07,94,lag7,4720.7210
2015-01-07,95,lag7,4529.1213
2015-01-08,0,lag7,4353.6091
2015-01-08,1,lag7,4245.7511
2015-01-08,2,lag7,4165.0876
2015-01-08,3,lag7,4070.1956
2015-01-08,4,lag7,3980.6223
2015-01-08,5,lag7,3865.4571
2015-01-08,6,lag7,3813.6037
2015-01-08,7,lag7,3737.4200
2015-01-08,8,lag7,3674.5324
2015-01-08,9,lag7,3598.9457
2015-01-08,10,lag7,3543.8694
2015-01-08,11,lag7,3496.2873
2015-01-08,12,lag7,3439.6844
2015-01-08,13,lag7,3380.0751
2015-01-08,14,lag7,3325.1306
2015-01-08,15,lag7,3320.4149
2015-01-08,16,lag7,3287.1545
2015-01-08,17,lag7,3255.0890
2015-01-08,18,lag7,3214.5423
2015-01-08,19,lag7,3176.5361
2015-01-08,20,lag7,3137.2033
2015-01-08,21,lag7,3135.5153
2015-01-08,22,lag7,3123.3200
2015-01-08,23,lag7,3125.1592
2015-01-08,24,lag7,3095.3865
2015-01-08,25,lag7,3088.3108
2015-01-08,26,lag7,3050.1320
2015-01-08,27,lag7,3029.3592
2015-01-08,28,lag7,3000.1127
2015-01-08,29,lag7,3067.1772
2015-01-08,30,lag7,3022.2051
2015-01-08,31,lag7,2995.6132
2015-01-08,32,lag7,2916.4342
2015-01-08,33,lag7,2958.2357
2015-01-08,34,lag7,2993.3275
2015-01-08,35,lag7,3078.5353
2015-01-08,36,lag7,3124.7889
2015-01-08,37,lag7,3204.4938
2015-01-08,38,lag7,3251.0618
2015-01-08,39,lag7,3345.5242
2015-01-08,40,lag7,3346.3971
2015-01-08,41,lag7,3401.2033
2015-01-08,42,lag7,3439.2318
2015-01-08,43,lag7,3476.7442
2015-01-08,44,lag7,3511.6657
2015-01-08,45,lag7,3572.6020
2015-01-08,46,lag7,3572.6043
2015-01-08,47,lag7,3528.9561
2015-01-08,48,lag7,3463.5407
2015-01-08,49,lag7,3333.2020
2015-01-08,50,lag7,3252.8118
2015-01-08,51,lag7,3169.3159
2015-01-08,52,lag7,3112.8724
2015-01-08,53,lag7,3024.8756
2015-01-08,54,lag7,2989.8180
2015-01-08,55,lag7,2993.3556
2015-01-08,56,lag7,2934.6151
2015-01-08,57,lag7,2931.5519
2015-01-08,58,lag7,2922.9168
2015-01-08,59,lag7,2887.2104
2015-01-08,60,lag7,2892.7851
2015-01-08,61,lag7,2899.9935
2015-01-08,62,lag7,2925.9377
2015-01-08,63,lag7,2947.8011
2015-01-08,64,lag7,3027.9738
2015-01-08,65,lag7,3071.6156
2015-01-08,66,lag7,3150.4825
2015-01-08,67,lag7,3199.8885
2015-01-08,68,lag7,3252.7623
2015-01-08,69,lag7,3353.4901
2015-01-08,70,lag7,3483.0899
2015-01-08,71,lag7,3638.3852
2015-01-08,72,lag7,3777.4325
2015-01-08,73,lag7,3962.4639
2015-01-08,74,lag7,3996.7764
2015-01-08,75,lag7,3978.9257
2015-01-08,76,lag7,3940.6418
2015-01-08,77,lag7,3925.1980
2015-01-08,78,lag7,3890.2600
2015-01-08,79,lag7,3867.0658
2015-01-08,80,lag7,3872.3045
2015-01-08,81,lag7,3914.1958
2015-01-08,82,lag7,3950.7574
2015-01-08,83,lag7,3932.8086
2015-01-08,84,lag7,3935.8349
2015-01-08,85,lag7,3955.4361
2015-01-08,86,lag7,3977.9849
2015-01-08,87,lag7,3930.4249
2015-01-08,88,lag7,3865.4200
2015-01-08,89,lag7,3805.5768
2015-01-08,90,lag7,3706.6333
2015-01-08,91,lag7,3593.0631
2015-01-08,92,lag7,3459.5524
2015-01-08,93,lag7,3304.1031
2015-01-08,94,lag7,3177.4530
2015-01-08,95,lag7,3061.2536
2015-01-09,0,lag7,2945.6045
2015-01-09,1,lag7,2867.3076
2015-01-09,2,lag7,2775.5366
2015-01-09,3,lag7,2698.2709
2015-01-09,4,lag7,2634.0171
2015-01-09,5,lag7,2541.9410
2015-01-09,6,lag7,2510.5084
2015-01-09,7,lag7,2471.9571
2015-01-09,8,lag7,2420.5060
2015-01-09,9,lag7,2386.4441
2015-01-09,10,lag7,2353.2632
2015-01-09,11,lag7,2338.6108
2015-01-09,12,lag7,2310.1623
2015-01-09,13,lag7,2298.2140
2015-01-09,14,lag7,2290.6548
2015-01-09,15,lag7,2286.0719
2015-01-09,16,lag7,2267.6720
2015-01-09,17,lag7,2275.5592
2015-01-09,18,lag7,2269.3977
2015-01-09,19,lag7,2273.8691
2015-01-09,20,lag7,2286.4764
2015-01-09,21,lag7,2307.5137
2015-01-09,22,lag7,2330.3408
2015-01-09,23,lag7,2380.3813
2015-01-09,24,lag7,2432.1658
2015-01-09,25,lag7,2524.3540
2015-01-09,26,lag7,2582.6899
2015-01-09,27,lag7,2688.1258
2015-01-09,28,lag7,2874.2382
2015-01-09,29,lag7,3168.4129
2015-01-09,30,lag7,3437.9767
2015-01-09,31,lag7,3797.6769
2015-01-09,32,lag7,4502.0148
2015-01-09,33,lag7,5303.9641
2015-01-09,34,lag7,5562.9292
2015-01-09,35,lag7,5802.1070
2015-01-09,36,lag7,5921.4676
2015-01-09,37,lag7,6056.2187
2015-01-09,38,lag7,6161.6842
2015-01-09,39,lag7,6264.0545
2015-01-09,40,lag7,6339.8041
2015-01-09,41,lag7,6411.2561
2015-01-09,42,lag7,6468.8228
2015-01-09,43,lag7,6512.9397
2015-01-09,44,lag7,6517.7397
2015-01-09,45,lag7,6548.7634
2015-01-09,46,lag7,6469.6600
2015-01-09,47,lag7,6259.7790
2015-01-09,48,lag7,5629.3759
2015-01-09,49,lag7,5126.9322
2015-01-09,50,lag7,5020.1857
2015-01-09,51,lag7,4940.1602
2015-01-09,52,lag7,4976.2371
2015-01-09,53,lag7,5051.7798
2015-01-09,54,lag7,5352.4065
2015-01-09,55,lag7,5860.8288
2015-01-09,56,lag7,5928.4820
2015-01-09,57,lag7,6050.0819
2015-01-09,58,lag7,6041.4058
2015-01-09,59,lag7,6071.5164
2015-01-09,60,lag7,6073.7903
2015-01-09,61,lag7,6104.9969
2015-01-09,62,lag7,6159.2078
2015-01-09,63,lag7,6206.1700
2015-01-09,64,lag7,6258.0691
2015-01-09,65,lag7,6333.9527
2015-01-09,66,lag7,6380.1958
2015-01-09,67,lag7,6380.0406
2015-01-09,68,lag7,6353.4480
2015-01-09,69,lag7,6300.5551
2015-01-09,70,lag7,6103.9164
2015-01-09,71,lag7,5894.8347
2015-01-09,72,lag7,5978.2680
2015-01-09,73,lag7,6192.6943
2015-01-09,74,lag7,6342.2476
2015-01-09,75,lag7,6517.1875
2015-01-09,76,lag7,6502.4927
2015-01-09,77,lag7,6546.4540
2015-01-09,78,lag7,6477.2364
2015-01-09,79,lag7,6431.0382
2015-01-09,80,lag7,6366.3798
2015-01-09,81,lag7,6391.6961
2015-01-09,82,lag7,6405.8566
2015-01-09,83,lag7,6373.8283
2015-01-09,84,lag7,6308.4691
2015-01-09,85,lag7,6270.0794
2015-01-09,86,lag7,6177.9629
2015-01-09,87,lag7,6088.1955
2015-01-09,88,lag7,5955.4084
2015-01-09,89,lag7,5793.3935
2015-01-09,90,lag7,5622.8987
2015-01-09,91,lag7,5439.3053
2015-01-09,92,lag7,5215.8109
2015-01-09,93,lag7,4991.3763
2015-01-09,94,lag7,4771.1979
2015-01-09,95,lag7,4559.1714
2015-01-10,0,lag7,4425.8767
2015-01-10,1,lag7,4328.0912
2015-01-10,2,lag7,4246.4945
2015-01-10,3,lag7,4168.9572
2015-01-10,4,lag7,4089.8397
2015-01-10,5,lag7,4020.4494
2015-01-10,6,lag7,3999.7832
2015-01-10,7,lag7,3945.0426
2015-01-10,8,lag7,3902.3912
2015-01-10,9,lag7,3869.6774
2015-01-10,10,lag7,3826.0457
2015-01-10,11,lag7,3799.4624
2015-01-10,12,lag7,3751.4740
2015-01-10,13,lag7,3719.9242
2015-01-10,14,lag7,3695.0094
2015-01-10,15,lag7,3703.3450
2015-01-10,16,lag7,3670.0968
2015-01-10,17,lag7,3658.2602
2015-01-10,18,lag7,3648.6958
2015-01-10,19,lag7,3632.8675
2015-01-10,20,lag7,3649.5075
2015-01-10,21,lag7,3666.2425
2015-01-10,22,lag7,3666.9414
2015-01-10,23,lag7,3705.1380
2015-01-10,24,lag7,3740.0730
2015-01-10,25,lag7,3808.5843
2015-01-10,26,lag7,3869.2012
2015-01-10,27,lag7,3959.2405
2015-01-10,28,lag7,4109.3387
2015-01-10,29,lag7,4401.3935
2015-01-10,30,lag7,4629.4736
2015-01-10,31,lag7,4969.1374
2015-01-10,32,lag7,5795.0992
2015-01-10,33,lag7,6642.3700
2015-01-10,34,lag7,6960.2021
2015-01-10,35,lag7,7178.9740
2015-01-10,36,lag7,7254.5411
2015-01-10,37,lag7,7374.6724
2015-01-10,38,lag7,7469.5637
2015-01-10,39,lag7,7556.5426
2015-01-10,40,lag7,7626.6184
2015-01-10,41,lag7,7689.0264
2015-01-10,42,lag7,7754.7034
2015-01-10,43,lag7,7769.1161
2015-01-10,44,lag7,7789.1912
2015-01-10,45,lag7,7784.7100
2015-01-10,46,lag7,7643.3289
2015-01-10,47,lag7,7332.1872
2015-01-10,48,lag7,6534.0691
2015-01-10,49,lag7,5834.0379
2015-01-10,50,lag7,5746.5667
2015-01-10,51,lag7,5704.0891
2015-01-10,52,lag7,5754.2135
2015-01-10,53,lag7,5893.7603
2015-01-10,54,lag7,6339.7675
2015-01-10,55,lag7,6982.6586
2015-01-10,56,lag7,7118.4826
2015-01-10,57,lag7,7270.8213
2015-01-10,58,lag7,7309.4936
2015-01-10,59,lag7,7324.6276
2015-01-10,60,lag7,7334.8361
2015-01-10,61,lag7,7379.0036
2015-01-10,62,lag7,7420.1584
2015-01-10,63,lag7,7478.1386
2015-01-10,64,lag7,7535.7372
2015-01-10,65,lag7,7589.1841
2015-01-10,66,lag7,7657.8700
2015-01-10,67,lag7,7642.8873
2015-01-10,68,lag7,7557.2997
2015-01-10,69,lag7,7446.2823
2015-01-10,70,lag7,7058.4002
2015-01-10,71,lag7,6739.4140
2015-01-10,72,lag7,6763.3689
2015-01-10,73,lag7,6969.7699
2015-01-10,74,lag7,7119.4722
2015-01-10,75,lag7,7282.6150
2015-01-10,76,lag7,7269.4328
2015-01-10,77,lag7,7291.7860
2015-01-10,78,lag7,7227.4426
2015-01-10,79,lag7,7153.8499
2015-01-10,80,lag7,7047.6151
2015-01-10,81,lag7,7063.3338
2015-01-10,82,lag7,7089.4403
2015-01-10,83,lag7,7043.2037
2015-01-10,84,lag7,6988.2175
2015-01-10,85,lag7,6894.4703
2015-01-10,86,lag7,6794.5966
2015-01-10,87,lag7,6657.9475
2015-01-10,88,lag7,6503.9223
2015-01-10,89,lag7,6341.0280
2015-01-10,90,lag7,6183.2626
2015-01-10,91,lag7,5943.9377
2015-01-10,92,lag7,5696.5966
2015-01-10,93,lag7,5477.0190
2015-01-10,94,lag7,5273.1550
2015-01-10,95,lag7,5041.3005
2015-01-04,0,avg4,5461.4317
2015-01-04,1,avg4,5352.1278
2015-01-04,2,avg4,5257.9237
2015-01-04,3,avg4,5194.5366
2015-01-04,4,avg4,5116.6094
2015-01-04,5,avg4,5042.5510
2015-01-04,6,avg4,5000.0010
2015-01-04,7,avg4,4951.5735
2015-01-04,8,avg4,4905.1962
2015-01-04,9,avg4,4853.6665
2015-01-04,10,avg4,4816.1624
2015-01-04,11,avg4,4762.8497
2015-01-04,12,avg4,4726.5978
2015-01-04,13,avg4,4698.3807
2015-01-04,14,avg4,4674.3978
2015-01-04,15,avg4,4648.1992
2015-01-04,16,avg4,4619.9372
2015-01-04,17,avg4,4598.9896
2015-01-04,18,avg4,4576.0061
2015-01-04,19,avg4,4551.1336
2015-01-04,20,avg4,4549.7334
2015-01-04,21,avg4,4549.1220
2015-01-04,22,avg4,4546.7988
2015-01-04,23,avg4,4553.1609
2015-01-04,24,avg4,4569.8466
2015-01-04,25,avg4,4584.0994
2015-01-04,26,avg4,4597.9648
2015-01-04,27,avg4,4623.4936
2015-01-04,28,avg4,4680.3766
2015-01-04,29,avg4,4833.2501
2015-01-04,30,avg4,4919.2148
2015-01-04,31,avg4,5079.5428
2015-01-04,32,avg4,5443.0629
2015-01-04,33,avg4,6005.1980
2015-01-04,34,avg4,6219.0973
2015-01-04,35,avg4,6386.7282
2015-01-04,36,avg4,6486.3621
2015-01-04,37,avg4,6568.1638
2015-01-04,38,avg4,6650.4867
2015-01-04,39,avg4,6741.7370
2015-01-04,40,avg4,6786.9929
2015-01-04,41,avg4,6848.5935
2015-01-04,42,avg4,6917.8890
2015-01-04,43,avg4,6960.5846
2015-01-04,44,avg4,6985.1204
2015-01-04,45,avg4,6998.5880
2015-01-04,46,avg4,6909.0714
2015-01-04,47,avg4,6671.3008
2015-01-04,48,avg4,6059.6136
2015-01-04,49,avg4,5600.1782
2015-01-04,50,avg4,5549.5272
2015-01-04,51,avg4,5527.9465
2015-01-04,52,avg4,5517.6941
2015-01-04,53,avg4,5597.3229
2015-01-04,54,avg4,5824.8164
2015-01-04,55,avg4,6233.4453
2015-01-04,56,avg4,6321.8623
2015-01-04,57,avg4,6379.7341
2015-01-04,58,avg4,6409.2065
2015-01-04,59,avg4,6408.9040
2015-01-04,60,avg4,6428.9608
2015-01-04,61,avg4,6453.0642
2015-01-04,62,avg4,6485.3380
2015-01-04,63,avg4,6544.3417
2015-01-04,64,avg4,6604.0135
2015-01-04,65,avg4,6676.0996
2015-01-04,66,avg4,6720.1007
2015-01-04,67,avg4,6751.6843
2015-01-04,68,avg4,6701.6539
2015-01-04,69,avg4,6679.8760
2015-01-04,70,avg4,6474.4190
2015-01-04,71,avg4,6352.4819
2015-01-04,72,avg4,6395.9844
2015-01-04,73,avg4,6442.5884
2015-01-04,74,avg4,6455.1823
2015-01-04,75,avg4,6453.9901
2015-01-04,76,avg4,6394.0783
2015-01-04,77,avg4,6354.9082
2015-01-04,78,avg4,6315.1083
2015-01-04,79,avg4,6262.2474
2015-01-04,80,avg4,6213.7543
2015-01-04,81,avg4,6252.9741
2015-01-04,82,avg4,6285.1222
2015-01-04,83,avg4,6262.3843
2015-01-04,84,avg4,6250.7130
2015-01-04,85,avg4,6234.0059
2015-01-04,86,avg4,6181.4437
2015-01-04,87,avg4,6093.8205
2015-01-04,88,avg4,5995.4252
2015-01-04,89,avg4,5893.1355
2015-01-04,90,avg4,5737.9597
2015-01-04,91,avg4,5554.2859
2015-01-04,92,avg4,5370.9277
2015-01-04,93,avg4,5177.2550
2015-01-04,94,avg4,4979.7536
2015-01-04,95,avg4,4824.8925
2015-01-05,0,avg4,4698.2198
2015-01-05,1,avg4,4621.1522
2015-01-05,2,avg4,4546.5374
2015-01-05,3,avg4,4493.1889
2015-01-05,4,avg4,4428.4293
2015-01-05,5,avg4,4382.5091
2015-01-05,6,avg4,4343.8386
2015-01-05,7,avg4,4306.7110
2015-01-05,8,avg4,4271.5987
2015-01-05,9,avg4,4241.4653
2015-01-05,10,avg4,4207.0531
2015-01-05,11,avg4,4174.3362
2015-01-05,12,avg4,4129.0792
2015-01-05,13,avg4,4120.8646
2015-01-05,14,avg4,4097.8356
2015-01-05,15,avg4,4087.2727
2015-01-05,16,avg4,4079.6873
2015-01-05,17,avg4,4067.4448
2015-01-05,18,avg4,4064.5864
2015-01-05,19,avg4,4062.3000
2015-01-05,20,avg4,4061.8041
2015-01-05,21,avg4,4087.8256
2015-01-05,22,avg4,4110.7204
2015-01-05,23,avg4,4155.3962
2015-01-05,24,avg4,4219.4653
2015-01-05,25,avg4,4339.9471
2015-01-05,26,avg4,4426.3344
2015-01-05,27,avg4,4581.2582
2015-01-05,28,avg4,4789.9605
2015-01-05,29,avg4,5096.2006
2015-01-05,30,avg4,5346.2859
2015-01-05,31,avg4,5744.0543
2015-01-05,32,avg4,6591.0462
2015-01-05,33,avg4,7625.0659
2015-01-05,34,avg4,7995.8005
2015-01-05,35,avg4,8245.2306
2015-01-05,36,avg4,8385.0998
2015-01-05,37,avg4,8487.3454
2015-01-05,38,avg4,8570.2155
2015-01-05,39,avg4,8668.3333
2015-01-05,40,avg4,8732.8696
2015-01-05,41,avg4,8772.6484
2015-01-05,42,avg4,8828.7965
2015-01-05,43,avg4,8858.3048
2015-01-05,44,avg4,8854.7169
2015-01-05,45,avg4,8831.7517
2015-01-05,46,avg4,8672.2551
2015-01-05,47,avg4,8277.6334
2015-01-05,48,avg4,7281.1988
2015-01-05,49,avg4,6571.5326
2015-01-05,50,avg4,6494.5857
2015-01-05,51,avg4,6463.5767
2015-01-05,52,avg4,6525.2224
2015-01-05,53,avg4,6704.4866
2015-01-05,54,avg4,7232.6913
2015-01-05,55,avg4,8001.4607
2015-01-05,56,avg4,8181.8320
2015-01-05,57,avg4,8331.0149
2015-01-05,58,avg4,8366.3186
2015-01-05,59,avg4,8379.1368
2015-01-05,60,avg4,8410.1188
2015-01-05,61,avg4,8456.1337
2015-01-05,62,avg4,8500.4378
2015-01-05,63,avg4,8565.4324
2015-01-05,64,avg4,8639.4437
2015-01-05,65,avg4,8700.4363
2015-01-05,66,avg4,8738.6819
2015-01-05,67,avg4,8722.9764
2015-01-05,68,avg4,8627.7316
2015-01-05,69,avg4,8510.1231
2015-01-05,70,avg4,7977.8445
2015-01-05,71,avg4,7664.1560
2015-01-05,72,avg4,7716.2979
2015-01-05,73,avg4,7945.0253
2015-01-05,74,avg4,8148.1520
2015-01-05,75,avg4,8381.4119
2015-01-05,76,avg4,8406.5144
2015-01-05,77,avg4,8424.2348
2015-01-05,78,avg4,8361.6119
2015-01-05,79,avg4,8287.6548
2015-01-05,80,avg4,8167.7718
2015-01-05,81,avg4,8170.7162
2015-01-05,82,avg4,8162.9259
2015-01-05,83,avg4,8115.0645
2015-01-05,84,avg4,8000.5021
2015-01-05,85,avg4,7907.0602
2015-01-05,86,avg4,7774.0764
2015-01-05,87,avg4,7602.0134
2015-01-05,88,avg4,7417.5350
2015-01-05,89,avg4,7213.7084
2015-01-05,90,avg4,7005.8326
2015-01-05,91,avg4,6734.6686
2015-01-05,92,avg4,6464.7868
2015-01-05,93,avg4,6162.2390
2015-01-05,94,avg4,5926.3629
2015-01-05,95,avg4,5706.1806
2015-01-06,0,avg4,5519.9147
2015-01-06,1,avg4,5423.4097
2015-01-06,2,avg4,5332.9896
2015-01-06,3,avg4,5279.1999
2015-01-06,4,avg4,5210.5093
2015-01-06,5,avg4,5164.4300
2015-01-06,6,avg4,5126.5539
2015-01-06,7,avg4,5078.1907
2015-01-06,8,avg4,5035.6519
2015-01-06,9,avg4,5003.3080
2015-01-06,10,avg4,4972.2172
2015-01-06,11,avg4,4940.8217
2015-01-06,12,avg4,4907.7698
2015-01-06,13,avg4,4878.1586
2015-01-06,14,avg4,4858.1087
2015-01-06,15,avg4,4843.4879
2015-01-06,16,avg4,4816.2332
2015-01-06,17,avg4,4801.9765
2015-01-06,18,avg4,4787.7520
2015-01-06,19,avg4,4769.9096
2015-01-06,20,avg4,4767.9666
2015-01-06,21,avg4,4788.0899
2015-01-06,22,avg4,4806.0373
2015-01-06,23,avg4,4837.0605
2015-01-06,24,avg4,4873.0069
2015-01-06,25,avg4,4973.1954
2015-01-06,26,avg4,5044.1404
2015-01-06,27,avg4,5175.7867
2015-01-06,28,avg4,5332.6321
2015-01-06,29,avg4,5601.5926
2015-01-06,30,avg4,5786.9614
2015-01-06,31,avg4,6133.6704
2015-01-06,32,avg4,6827.0622
2015-01-06,33,avg4,7836.9310
2015-01-06,34,avg4,8148.6893
2015-01-06,35,avg4,8374.5332
2015-01-06,36,avg4,8477.6235
2015-01-06,37,avg4,8580.7743
2015-01-06,38,avg4,8643.4180
2015-01-06,39,avg4,8713.0769
2015-01-06,40,avg4,8757.6620
2015-01-06,41,avg4,8794.8503
2015-01-06,42,avg4,8856.9801
2015-01-06,43,avg4,8871.3133
2015-01-06,44,avg4,8856.1405
2015-01-06,45,avg4,8835.5575
2015-01-06,46,avg4,8641.4071
2015-01-06,47,avg4,8239.6141
2015-01-06,48,avg4,7246.5204
2015-01-06,49,avg4,6538.1799
2015-01-06,50,avg4,6480.4439
2015-01-06,51,avg4,6444.7609
2015-01-06,52,avg4,6516.5432
2015-01-06,53,avg4,6698.3139
2015-01-06,54,avg4,7223.6758
2015-01-06,55,avg4,8002.0657
2015-01-06,56,avg4,8156.1952
2015-01-06,57,avg4,8321.4747
2015-01-06,58,avg4,8365.1497
2015-01-06,59,avg4,8371.8657
2015-01-06,60,avg4,8397.5373
2015-01-06,61,avg4,8451.7982
2015-01-06,62,avg4,8493.3951
2015-01-06,63,avg4,8561.4873
2015-01-06,64,avg4,8638.6302
2015-01-06,65,avg4,8697.0573
2015-01-06,66,avg4,8738.4536
2015-01-06,67,avg4,8739.5062
2015-01-06,68,avg4,8639.7583
2015-01-06,69,avg4,8514.5812
2015-01-06,70,avg4,8026.2345
2015-01-06,71,avg4,7657.6528
2015-01-06,72,avg4,7718.3617
2015-01-06,73,avg4,7939.1201
2015-01-06,74,avg4,8168.5649
2015-01-06,75,avg4,8393.4292
2015-01-06,76,avg4,8420.1789
2015-01-06,77,avg4,8432.5956
2015-01-06,78,avg4,8391.0368
2015-01-06,79,avg4,8302.3921
2015-01-06,80,avg4,8187.1259
2015-01-06,81,avg4,8172.2260
2015-01-06,82,avg4,8169.4268
2015-01-06,83,avg4,8115.8957
2015-01-06,84,avg4,8004.8968
2015-01-06,85,avg4,7890.4064
2015-01-06,86,avg4,7760.6295
2015-01-06,87,avg4,7564.6458
2015-01-06,88,avg4,7371.7942
2015-01-06,89,avg4,7172.5326
2015-01-06,90,avg4,6952.2210
2015-01-06,91,avg4,6687.4837
2015-01-06,92,avg4,6410.0896
2015-01-06,93,avg4,6126.4774
2015-01-06,94,avg4,5889.6521
2015-01-06,95,avg4,5673.3688
2015-01-07,0,avg4,5481.5011
2015-01-07,1,avg4,5378.5872
2015-01-07,2,avg4,5291.3499
2015-01-07,3,avg4,5239.3104
2015-01-07,4,avg4,5177.3320
2015-01-07,5,avg4,5132.8206
2015-01-07,6,avg4,5080.6532
2015-01-07,7,avg4,5043.4081
2015-01-07,8,avg4,5001.3576
2015-01-07,9,avg4,4969.7191
2015-01-07,10,avg4,4937.2462
2015-01-07,11,avg4,4912.6543
2015-01-07,12,avg4,4864.2849
2015-01-07,13,avg4,4848.4914
2015-01-07,14,avg4,4822.9697
2015-01-07,15,avg4,4810.8162
2015-01-07,16,avg4,4783.4607
2015-01-07,17,avg4,4763.8503
2015-01-07,18,avg4,4754.2429
2015-01-07,19,avg4,4745.7983
2015-01-07,20,avg4,4739.3295
2015-01-07,21,avg4,4750.8606
2015-01-07,22,avg4,4761.9706
2015-01-07,23,avg4,4794.2577
2015-01-07,24,avg4,4846.8209
2015-01-07,25,avg4,4924.1763
2015-01-07,26,avg4,5014.3520
2015-01-07,27,avg4,5137.5248
2015-01-07,28,avg4,5304.3542
2015-01-07,29,avg4,5570.5010
2015-01-07,30,avg4,5753.3801
2015-01-07,31,avg4,6056.7351
2015-01-07,32,avg4,6798.7573
2015-01-07,33,avg4,7730.2500
2015-01-07,34,avg4,8039.4107
2015-01-07,35,avg4,8254.0830
2015-01-07,36,avg4,8346.4717
2015-01-07,37,avg4,8454.4217
2015-01-07,38,avg4,8508.3500
2015-01-07,39,avg4,8573.3287
2015-01-07,40,avg4,8620.0241
2015-01-07,41,avg4,8655.0893
2015-01-07,42,avg4,8714.1174
2015-01-07,43,avg4,8724.4277
2015-01-07,44,avg4,8699.6246
2015-01-07,45,avg4,8682.7722
2015-01-07,46,avg4,8512.0637
2015-01-07,47,avg4,8112.0055
2015-01-07,48,avg4,7187.7328
2015-01-07,49,avg4,6432.6057
2015-01-07,50,avg4,6379.5863
2015-01-07,51,avg4,6356.0881
2015-01-07,52,avg4,6391.0376
2015-01-07,53,avg4,6582.0595
2015-01-07,54,avg4,7079.6823
2015-01-07,55,avg4,7828.5226
2015-01-07,56,avg4,7985.8375
2015-01-07,57,avg4,8134.8010
2015-01-07,58,avg4,8181.4139
2015-01-07,59,avg4,8199.2580
2015-01-07,60,avg4,8216.1243
2015-01-07,61,avg4,8252.3417
2015-01-07,62,avg4,8298.5405
2015-01-07,63,avg4,8359.4769
2015-01-07,64,avg4,8400.8207
2015-01-07,65,avg4,8462.6282
2015-01-07,66,avg4,8477.9317
2015-01-07,67,avg4,8476.9114
2015-01-07,68,avg4,8342.0425
2015-01-07,69,avg4,8208.4088
2015-01-07,70,avg4,7709.8907
2015-01-07,71,avg4,7355.0262
2015-01-07,72,avg4,7409.4530
2015-01-07,73,avg4,7602.0944
2015-01-07,74,avg4,7768.3681
2015-01-07,75,avg4,7965.1310
2015-01-07,76,avg4,7970.0981
2015-01-07,77,avg4,7960.9636
2015-01-07,78,avg4,7898.3441
2015-01-07,79,avg4,7824.1591
2015-01-07,80,avg4,7696.8729
2015-01-07,81,avg4,7670.2335
2015-01-07,82,avg4,7672.5043
2015-01-07,83,avg4,7621.3682
2015-01-07,84,avg4,7522.6050
2015-01-07,85,avg4,7433.8839
2015-01-07,86,avg4,7322.5260
2015-01-07,87,avg4,7177.5633
2015-01-07,88,avg4,7034.2110
2015-01-07,89,avg4,6868.5075
2015-01-07,90,avg4,6679.4787
2015-01-07,91,avg4,6442.1752
2015-01-07,92,avg4,6202.9943
2015-01-07,93,avg4,5942.1053
2015-01-07,94,avg4,5709.4680
2015-01-07,95,avg4,5494.0157
2015-01-08,0,avg4,5309.4528
2015-01-08,1,avg4,5211.8133
2015-01-08,2,avg4,5130.5667
2015-01-08,3,avg4,5072.7671
2015-01-08,4,avg4,4997.8007
2015-01-08,5,avg4,4938.3955
2015-01-08,6,avg4,4895.2551
2015-01-08,7,avg4,4835.1679
2015-01-08,8,avg4,4798.9867
2015-01-08,9,avg4,4752.6408
2015-01-08,10,avg4,4720.1299
2015-01-08,11,avg4,4682.2657
2015-01-08,12,avg4,4637.3158
2015-01-08,13,avg4,4599.2945
2015-01-08,14,avg4,4575.9648
2015-01-08,15,avg4,4565.1820
2015-01-08,16,avg4,4532.5881
2015-01-08,17,avg4,4515.0521
2015-01-08,18,avg4,4491.4724
2015-01-08,19,avg4,4477.8176
2015-01-08,20,avg4,4460.4370
2015-01-08,21,avg4,4472.1332
2015-01-08,22,avg4,4480.6411
2015-01-08,23,avg4,4508.8762
2015-01-08,24,avg4,4523.6524
2015-01-08,25,avg4,4593.0303
2015-01-08,26,avg4,4646.7801
2015-01-08,27,avg4,4737.1260
2015-01-08,28,avg4,4869.8854
2015-01-08,29,avg4,5066.3575
2015-01-08,30,avg4,5194.6189
2015-01-08,31,avg4,5448.4349
2015-01-08,32,avg4,6007.7795
2015-01-08,33,avg4,6751.7208
2015-01-08,34,avg4,6996.6384
2015-01-08,35,avg4,7177.9908
2015-01-08,36,avg4,7269.8651
2015-01-08,37,avg4,7369.1838
2015-01-08,38,avg4,7417.0901
2015-01-08,39,avg4,7498.7171
2015-01-08,40,avg4,7529.5519
2015-01-08,41,avg4,7572.2166
2015-01-08,42,avg4,7623.5597
2015-01-08,43,avg4,7659.8506
2015-01-08,44,avg4,7650.8728
2015-01-08,45,avg4,7646.9469
2015-01-08,46,avg4,7512.2489
2015-01-08,47,avg4,7200.1950
2015-01-08,48,avg4,6422.2246
2015-01-08,49,avg4,5846.5921
2015-01-08,50,avg4,5785.1164
2015-01-08,51,avg4,5746.9809
2015-01-08,52,avg4,5786.0252
2015-01-08,53,avg4,5897.2808
2015-01-08,54,avg4,6290.3261
2015-01-08,55,avg4,6898.6544
2015-01-08,56,avg4,6994.9842
2015-01-08,57,avg4,7132.5820
2015-01-08,58,avg4,7159.3176
2015-01-08,59,avg4,7155.4995
2015-01-08,60,avg4,7184.6916
2015-01-08,61,avg4,7222.8582
2015-01-08,62,avg4,7269.6676
2015-01-08,63,avg4,7323.5384
2015-01-08,64,avg4,7408.1214
2015-01-08,65,avg4,7467.1155
2015-01-08,66,avg4,7517.2658
2015-01-08,67,avg4,7522.1204
2015-01-08,68,avg4,7461.5878
2015-01-08,69,avg4,7411.5572
2015-01-08,70,avg4,7082.1832
2015-01-08,71,avg4,6825.1932
2015-01-08,72,avg4,6886.5695
2015-01-08,73,avg4,7087.3449
2015-01-08,74,avg4,7231.0304
2015-01-08,75,avg4,7416.4241
2015-01-08,76,avg4,7415.5222
2015-01-08,77,avg4,7430.5535
2015-01-08,78,avg4,7393.2599
2015-01-08,79,avg4,7314.8136
2015-01-08,80,avg4,7222.3423
2015-01-08,81,avg4,7222.6606
2015-01-08,82,avg4,7228.6639
2015-01-08,83,avg4,7168.9821
2015-01-08,84,avg4,7090.0786
2015-01-08,85,avg4,7016.3311
2015-01-08,86,avg4,6929.3840
2015-01-08,87,avg4,6766.3464
2015-01-08,88,avg4,6602.1380
2015-01-08,89,avg4,6443.8773
2015-01-08,90,avg4,6239.1548
2015-01-08,91,avg4,6022.4768
2015-01-08,92,avg4,5781.7034
2015-01-08,93,avg4,5538.5688
2015-01-08,94,avg4,5323.4447
2015-01-08,95,avg4,5118.8483
2015-01-09,0,avg4,4968.0197
2015-01-09,1,avg4,4867.3783
2015-01-09,2,avg4,4776.3829
2015-01-09,3,avg4,4718.4132
2015-01-09,4,avg4,4650.2658
2015-01-09,5,avg4,4600.6754
2015-01-09,6,avg4,4553.6013
2015-01-09,7,avg4,4521.1878
2015-01-09,8,avg4,4471.3294
2015-01-09,9,avg4,4438.0036
2015-01-09,10,avg4,4401.0896
2015-01-09,11,avg4,4383.2227
2015-01-09,12,avg4,4340.7666
2015-01-09,13,avg4,4321.6340
2015-01-09,14,avg4,4302.6222
2015-01-09,15,avg4,4283.6468
2015-01-09,16,avg4,4264.0737
2015-01-09,17,avg4,4245.5710
2015-01-09,18,avg4,4233.7752
2015-01-09,19,avg4,4227.8472
2015-01-09,20,avg4,4234.4710
2015-01-09,21,avg4,4247.9852
2015-01-09,22,avg4,4262.8712
2015-01-09,23,avg4,4304.0730
2015-01-09,24,avg4,4348.4395
2015-01-09,25,avg4,4441.6099
2015-01-09,26,avg4,4519.0013
2015-01-09,27,avg4,4636.4172
2015-01-09,28,avg4,4800.7304
2015-01-09,29,avg4,5060.1246
2015-01-09,30,avg4,5297.0055
2015-01-09,31,avg4,5641.1343
2015-01-09,32,avg4,6380.7044
2015-01-09,33,avg4,7326.1331
2015-01-09,34,avg4,7633.0325
2015-01-09,35,avg4,7858.2185
2015-01-09,36,avg4,7957.4074
2015-01-09,37,avg4,8076.8507
2015-01-09,38,avg4,8158.4513
2015-01-09,39,avg4,8257.4639
2015-01-09,40,avg4,8304.4602
2015-01-09,41,avg4,8344.6981
2015-01-09,42,avg4,8400.4447
2015-01-09,43,avg4,8431.8339
2015-01-09,44,avg4,8424.7548
2015-01-09,45,avg4,8417.3033
2015-01-09,46,avg4,8265.1811
2015-01-09,47,avg4,7913.0439
2015-01-09,48,avg4,6994.6787
2015-01-09,49,avg4,6323.1252
2015-01-09,50,avg4,6252.0976
2015-01-09,51,avg4,6211.9163
2015-01-09,52,avg4,6273.8811
2015-01-09,53,avg4,6430.3487
2015-01-09,54,avg4,6913.8816
2015-01-09,55,avg4,7610.4116
2015-01-09,56,avg4,7758.3354
2015-01-09,57,avg4,7899.7654
2015-01-09,58,avg4,7930.7679
2015-01-09,59,avg4,7953.7331
2015-01-09,60,avg4,7975.6255
2015-01-09,61,avg4,8008.7085
2015-01-09,62,avg4,8063.5178
2015-01-09,63,avg4,8120.1330
2015-01-09,64,avg4,8183.4510
2015-01-09,65,avg4,8254.4344
2015-01-09,66,avg4,8301.2499
2015-01-09,67,avg4,8310.1525
2015-01-09,68,avg4,8228.9428
2015-01-09,69,avg4,8125.9353
2015-01-09,70,avg4,7689.5009
2015-01-09,71,avg4,7381.9394
2015-01-09,72,avg4,7452.9285
2015-01-09,73,avg4,7632.5614
2015-01-09,74,avg4,7830.8283
2015-01-09,75,avg4,8058.6433
2015-01-09,76,avg4,8059.5809
2015-01-09,77,avg4,8085.3148
2015-01-09,78,avg4,8035.5382
2015-01-09,79,avg4,7963.9353
2015-01-09,80,avg4,7844.9199
2015-01-09,81,avg4,7836.3682
2015-01-09,82,avg4,7841.1156
2015-01-09,83,avg4,7795.2115
2015-01-09,84,avg4,7687.6811
2015-01-09,85,avg4,7578.9498
2015-01-09,86,avg4,7479.7700
2015-01-09,87,avg4,7325.1161
2015-01-09,88,avg4,7150.7380
2015-01-09,89,avg4,6982.2285
2015-01-09,90,avg4,6777.5296
2015-01-09,91,avg4,6539.3250
2015-01-09,92,avg4,6291.9061
2015-01-09,93,avg4,6015.0928
2015-01-09,94,avg4,5759.2583
2015-01-09,95,avg4,5529.6106
2015-01-10,0,avg4,5357.7959
2015-01-10,1,avg4,5252.5428
2015-01-10,2,avg4,5160.1668
2015-01-10,3,avg4,5106.1028
2015-01-10,4,avg4,5039.6022
2015-01-10,5,avg4,4978.7571
2015-01-10,6,avg4,4934.5418
2015-01-10,7,avg4,4883.9463
2015-01-10,8,avg4,4845.3470
2015-01-10,9,avg4,4817.1123
2015-01-10,10,avg4,4777.2361
2015-01-10,11,avg4,4749.7513
2015-01-10,12,avg4,4707.7162
2015-01-10,13,avg4,4680.4118
2015-01-10,14,avg4,4648.3806
2015-01-10,15,avg4,4644.2876
2015-01-10,16,avg4,4610.4933
2015-01-10,17,avg4,4585.3831
2015-01-10,18,avg4,4563.0857
2015-01-10,19,avg4,4540.2668
2015-01-10,20,avg4,4539.1745
2015-01-10,21,avg4,4553.8547
2015-01-10,22,avg4,4566.5078
2015-01-10,23,avg4,4591.3754
2015-01-10,24,avg4,4618.0715
2015-01-10,25,avg4,4684.0703
2015-01-10,26,avg4,4726.8327
2015-01-10,27,avg4,4821.5778
2015-01-10,28,avg4,4954.9534
2015-01-10,29,avg4,5237.4091
2015-01-10,30,avg4,5441.8468
2015-01-10,31,avg4,5767.1887
2015-01-10,32,avg4,6526.4345
2015-01-10,33,avg4,7424.0685
2015-01-10,34,avg4,7738.9061
2015-01-10,35,avg4,7951.5612
2015-01-10,36,avg4,8049.8811
2015-01-10,37,avg4,8162.1624
2015-01-10,38,avg4,8243.6444
2015-01-10,39,avg4,8327.6726
2015-01-10,40,avg4,8383.2393
2015-01-10,41,avg4,8434.3123
2015-01-10,42,avg4,8487.2650
2015-01-10,43,avg4,8507.8350
2015-01-10,44,avg4,8502.6976
2015-01-10,45,avg4,8499.4715
2015-01-10,46,avg4,8337.2009
2015-01-10,47,avg4,7971.4546
2015-01-10,48,avg4,7040.8399
2015-01-10,49,avg4,6351.8954
2015-01-10,50,avg4,6297.3553
2015-01-10,51,avg4,6264.1780
2015-01-10,52,avg4,6300.1428
2015-01-10,53,avg4,6458.2920
2015-01-10,54,avg4,6942.7859
2015-01-10,55,avg4,7638.4437
2015-01-10,56,avg4,7785.5859
2015-01-10,57,avg4,7936.2213
2015-01-10,58,avg4,7978.8809
2015-01-10,59,avg4,7975.3578
2015-01-10,60,avg4,7994.0567
2015-01-10,61,avg4,8024.4422
2015-01-10,62,avg4,8065.9382
2015-01-10,63,avg4,8125.2532
2015-01-10,64,avg4,8184.5563
2015-01-10,65,avg4,8232.4914
2015-01-10,66,avg4,8269.5093
2015-01-10,67,avg4,8259.0978
2015-01-10,68,avg4,8146.1526
2015-01-10,69,avg4,8023.4609
2015-01-10,70,avg4,7560.3744
2015-01-10,71,avg4,7240.8416
2015-01-10,72,avg4,7282.7882
2015-01-10,73,avg4,7440.2759
2015-01-10,74,avg4,7565.9493
2015-01-10,75,avg4,7729.9084
2015-01-10,76,avg4,7713.0339
2015-01-10,77,avg4,7714.7574
2015-01-10,78,avg4,7642.2478
2015-01-10,79,avg4,7564.7118
2015-01-10,80,avg4,7444.8803
2015-01-10,81,avg4,7437.6473
2015-01-10,82,avg4,7445.2695
2015-01-10,83,avg4,7400.9244
2015-01-10,84,avg4,7321.3566
2015-01-10,85,avg4,7242.4682
2015-01-10,86,avg4,7159.1679
2015-01-10,87,avg4,7024.4888
2015-01-10,88,avg4,6880.2945
2015-01-10,89,avg4,6739.6494
2015-01-10,90,avg4,6584.7147
2015-01-10,91,avg4,6385.8687
2015-01-10,92,avg4,6155.3275
2015-01-10,93,avg4,5899.9145
2015-01-10,94,avg4,5681.8480
2015-01-10,95,avg4,5470.3013
2015-01-04,0,weighted4,5456.4748
2015-01-04,1,weighted4,5338.9783
2015-01-04,2,weighted4,5247.7805
2015-01-04,3,weighted4,5187.5467
2015-01-04,4,weighted4,5108.8477
2015-01-04,5,weighted4,5037.5504
2015-01-04,6,weighted4,4996.4734
2015-01-04,7,weighted4,4947.5591
2015-01-04,8,weighted4,4901.4241
2015-01-04,9,weighted4,4846.0586
2015-01-04,10,weighted4,4810.9659
2015-01-04,11,weighted4,4761.6539
2015-01-04,12,weighted4,4720.6514
2015-01-04,13,weighted4,4698.2216
2015-01-04,14,weighted4,4669.6935
2015-01-04,15,weighted4,4643.8847
2015-01-04,16,weighted4,4618.1595
2015-01-04,17,weighted4,4598.4924
2015-01-04,18,weighted4,4577.2983
2015-01-04,19,weighted4,4554.3346
2015-01-04,20,weighted4,4551.4695
2015-01-04,21,weighted4,4550.0231
2015-01-04,22,weighted4,4544.4627
2015-01-04,23,weighted4,4558.5525
2015-01-04,24,weighted4,4568.7472
2015-01-04,25,weighted4,4582.2739
2015-01-04,26,weighted4,4601.4474
2015-01-04,27,weighted4,4631.9181
2015-01-04,28,weighted4,4690.5700
2015-01-04,29,weighted4,4854.4911
2015-01-04,30,weighted4,4946.5129
2015-01-04,31,weighted4,5126.6238
2015-01-04,32,weighted4,5519.2835
2015-01-04,33,weighted4,6100.2096
2015-01-04,34,weighted4,6321.0554
2015-01-04,35,weighted4,6492.3123
2015-01-04,36,weighted4,6591.5953
2015-01-04,37,weighted4,6679.7559
2015-01-04,38,weighted4,6757.7899
2015-01-04,39,weighted4,6855.0086
2015-01-04,40,weighted4,6894.0360
2015-01-04,41,weighted4,6953.9893
2015-01-04,42,weighted4,7018.7493
2015-01-04,43,weighted4,7063.8953
2015-01-04,44,weighted4,7084.0933
2015-01-04,45,weighted4,7100.4124
2015-01-04,46,weighted4,7012.8100
2015-01-04,47,weighted4,6763.3749
2015-01-04,48,weighted4,6133.7756
2015-01-04,49,weighted4,5656.7349
2015-01-04,50,weighted4,5608.5466
2015-01-04,51,weighted4,5592.6410
2015-01-04,52,weighted4,5575.9047
2015-01-04,53,weighted4,5661.7587
2015-01-04,54,weighted4,5896.5320
2015-01-04,55,weighted4,6329.4406
2015-01-04,56,weighted4,6422.9031
2015-01-04,57,weighted4,6483.0797
2015-01-04,58,weighted4,6515.2212
2015-01-04,59,weighted4,6515.1154
2015-01-04,60,weighted4,6535.9039
2015-01-04,61,weighted4,6559.0364
2015-01-04,62,weighted4,6587.2573
2015-01-04,63,weighted4,6646.3056
2015-01-04,64,weighted4,6702.6799
2015-01-04,65,weighted4,6769.2527
2015-01-04,66,weighted4,6815.0988
2015-01-04,67,weighted4,6840.7757
2015-01-04,68,weighted4,6780.9584
2015-01-04,69,weighted4,6754.6816
2015-01-04,70,weighted4,6535.4686
2015-01-04,71,weighted4,6392.8497
2015-01-04,72,weighted4,6439.7635
2015-01-04,73,weighted4,6504.0818
2015-01-04,74,weighted4,6528.3161
2015-01-04,75,weighted4,6537.7600
2015-01-04,76,weighted4,6474.2353
2015-01-04,77,weighted4,6441.8798
2015-01-04,78,weighted4,6399.6605
2015-01-04,79,weighted4,6343.4927
2015-01-04,80,weighted4,6296.8429
2015-01-04,81,weighted4,6331.5803
2015-01-04,82,weighted4,6365.7596
2015-01-04,83,weighted4,6342.6023
2015-01-04,84,weighted4,6327.8380
2015-01-04,85,weighted4,6313.7170
2015-01-04,86,weighted4,6257.5511
2015-01-04,87,weighted4,6162.2609
2015-01-04,88,weighted4,6061.6219
2015-01-04,89,weighted4,5957.3547
2015-01-04,90,weighted4,5794.3936
2015-01-04,91,weighted4,5616.6660
2015-01-04,92,weighted4,5429.9979
2015-01-04,93,weighted4,5234.1175
2015-01-04,94,weighted4,5025.7100
2015-01-04,95,weighted4,4872.7704
2015-01-05,0,weighted4,4740.9890
2015-01-05,1,weighted4,4657.8846
2015-01-05,2,weighted4,4584.4144
2015-01-05,3,weighted4,4528.5178
2015-01-05,4,weighted4,4466.2260
2015-01-05,5,weighted4,4416.5125
2015-01-05,6,weighted4,4382.9826
2015-01-05,7,weighted4,4345.4265
2015-01-05,8,weighted4,4309.7331
2015-01-05,9,weighted4,4278.4058
2015-01-05,10,weighted4,4244.6399
2015-01-05,11,weighted4,4210.1533
2015-01-05,12,weighted4,4161.2011
2015-01-05,13,weighted4,4150.8966
2015-01-05,14,weighted4,4131.9721
2015-01-05,15,weighted4,4118.8530
2015-01-05,16,weighted4,4110.5133
2015-01-05,17,weighted4,4100.6556
2015-01-05,18,weighted4,4097.5709
2015-01-05,19,weighted4,4092.0804
2015-01-05,20,weighted4,4092.8730
2015-01-05,21,weighted4,4117.2665
2015-01-05,22,weighted4,4137.6545
2015-01-05,23,weighted4,4183.6638
2015-01-05,24,weighted4,4248.7616
2015-01-05,25,weighted4,4375.2318
2015-01-05,26,weighted4,4453.8303
2015-01-05,27,weighted4,4610.9712
2015-01-05,28,weighted4,4821.3287
2015-01-05,29,weighted4,5128.5085
2015-01-05,30,weighted4,5363.6250
2015-01-05,31,weighted4,5753.6601
2015-01-05,32,weighted4,6592.9676
2015-01-05,33,weighted4,7619.0889
2015-01-05,34,weighted4,7991.8193
2015-01-05,35,weighted4,8233.3867
2015-01-05,36,weighted4,8371.3600
2015-01-05,37,weighted4,8475.1004
2015-01-05,38,weighted4,8555.2157
2015-01-05,39,weighted4,8652.0601
2015-01-05,40,weighted4,8712.5663
2015-01-05,41,weighted4,8750.3978
2015-01-05,42,weighted4,8805.7600
2015-01-05,43,weighted4,8833.1581
2015-01-05,44,weighted4,8831.0027
2015-01-05,45,weighted4,8807.0349
2015-01-05,46,weighted4,8642.9856
2015-01-05,47,weighted4,8251.8395
2015-01-05,48,weighted4,7249.0226
2015-01-05,49,weighted4,6553.6240
2015-01-05,50,weighted4,6485.0501
2015-01-05,51,weighted4,6450.5154
2015-01-05,52,weighted4,6512.0655
2015-01-05,53,weighted4,6685.3228
2015-01-05,54,weighted4,7204.6850
2015-01-05,55,weighted4,7965.0820
2015-01-05,56,weighted4,8141.9859
2015-01-05,57,weighted4,8285.7289
2015-01-05,58,weighted4,8315.2919
2015-01-05,59,weighted4,8328.0050
2015-01-05,60,weighted4,8358.0544
2015-01-05,61,weighted4,8395.6322
2015-01-05,62,weighted4,8440.1645
2015-01-05,63,weighted4,8507.7798
2015-01-05,64,weighted4,8587.1958
2015-01-05,65,weighted4,8643.3584
2015-01-05,66,weighted4,8684.1639
2015-01-05,67,weighted4,8669.9423
2015-01-05,68,weighted4,8571.7302
2015-01-05,69,weighted4,8458.0259
2015-01-05,70,weighted4,7927.9416
2015-01-05,71,weighted4,7600.2285
2015-01-05,72,weighted4,7654.2044
2015-01-05,73,weighted4,7894.2875
2015-01-05,74,weighted4,8105.3099
2015-01-05,75,weighted4,8336.5391
2015-01-05,76,weighted4,8360.1800
2015-01-05,77,weighted4,8376.6811
2015-01-05,78,weighted4,8312.8598
2015-01-05,79,weighted4,8245.6798
2015-01-05,80,weighted4,8126.4210
2015-01-05,81,weighted4,8129.0078
2015-01-05,82,weighted4,8120.4737
2015-01-05,83,weighted4,8079.3607
2015-01-05,84,weighted4,7964.8764
2015-01-05,85,weighted4,7877.9432
2015-01-05,86,weighted4,7750.0794
2015-01-05,87,weighted4,7572.5814
2015-01-05,88,weighted4,7393.4868
2015-01-05,89,weighted4,7188.3883
2015-01-05,90,weighted4,6983.0559
2015-01-05,91,weighted4,6712.1735
2015-01-05,92,weighted4,6442.6879
2015-01-05,93,weighted4,6139.0657
2015-01-05,94,weighted4,5897.3213
2015-01-05,95,weighted4,5673.7109
2015-01-06,0,weighted4,5485.7493
2015-01-06,1,weighted4,5385.7172
2015-01-06,2,weighted4,5292.7820
2015-01-06,3,weighted4,5240.5053
2015-01-06,4,weighted4,5164.6634
2015-01-06,5,weighted4,5123.3209
2015-01-06,6,weighted4,5079.2720
2015-01-06,7,weighted4,5037.9044
2015-01-06,8,weighted4,4992.6203
2015-01-06,9,weighted4,4957.9402
2015-01-06,10,weighted4,4924.4359
2015-01-06,11,weighted4,4896.5017
2015-01-06,12,weighted4,4861.5552
2015-01-06,13,weighted4,4829.7416
2015-01-06,14,weighted4,4810.4421
2015-01-06,15,weighted4,4796.3774
2015-01-06,16,weighted4,4768.4531
2015-01-06,17,weighted4,4753.5641
2015-01-06,18,weighted4,4740.2474
2015-01-06,19,weighted4,4723.0658
2015-01-06,20,weighted4,4719.9412
2015-01-06,21,weighted4,4737.7328
2015-01-06,22,weighted4,4757.1829
2015-01-06,23,weighted4,4788.8704
2015-01-06,24,weighted4,4825.8634
2015-01-06,25,weighted4,4928.8243
2015-01-06,26,weighted4,5001.4643
2015-01-06,27,weighted4,5135.3037
2015-01-06,28,weighted4,5286.4004
2015-01-06,29,weighted4,5564.4760
2015-01-06,30,weighted4,5752.8352
2015-01-06,31,weighted4,6091.5421
2015-01-06,32,weighted4,6784.9025
2015-01-06,33,weighted4,7787.1660
2015-01-06,34,weighted4,8091.5236
2015-01-06,35,weighted4,8313.4513
2015-01-06,36,weighted4,8413.0574
2015-01-06,37,weighted4,8511.6102
2015-01-06,38,weighted4,8579.2074
2015-01-06,39,weighted4,8650.4454
2015-01-06,40,weighted4,8690.5473
2015-01-06,41,weighted4,8727.1049
2015-01-06,42,weighted4,8786.7930
2015-01-06,43,weighted4,8802.6325
2015-01-06,44,weighted4,8789.5999
2015-01-06,45,weighted4,8772.3828
2015-01-06,46,weighted4,8582.3272
2015-01-06,47,weighted4,8185.3145
2015-01-06,48,weighted4,7206.1942
2015-01-06,49,weighted4,6500.1227
2015-01-06,50,weighted4,6437.7981
2015-01-06,51,weighted4,6398.7521
2015-01-06,52,weighted4,6470.4996
2015-01-06,53,weighted4,6642.4585
2015-01-06,54,weighted4,7156.4175
2015-01-06,55,weighted4,7931.0722
2015-01-06,56,weighted4,8077.2144
2015-01-06,57,weighted4,8245.2176
2015-01-06,58,weighted4,8281.7376
2015-01-06,59,weighted4,8287.7203
2015-01-06,60,weighted4,8307.8426
2015-01-06,61,weighted4,8359.7489
2015-01-06,62,weighted4,8400.9723
2015-01-06,63,weighted4,8466.5673
2015-01-06,64,weighted4,8542.7734
2015-01-06,65,weighted4,8600.7878
2015-01-06,66,weighted4,8640.4324
2015-01-06,67,weighted4,8642.5712
2015-01-06,68,weighted4,8541.0668
2015-01-06,69,weighted4,8419.5002
2015-01-06,70,weighted4,7935.6437
2015-01-06,71,weighted4,7577.1345
2015-01-06,72,weighted4,7632.2530
2015-01-06,73,weighted4,7855.5440
2015-01-06,74,weighted4,8087.1628
2015-01-06,75,weighted4,8312.5233
2015-01-06,76,weighted4,8334.0126
2015-01-06,77,weighted4,8344.4910
2015-01-06,78,weighted4,8309.5616
2015-01-06,79,weighted4,8219.9307
2015-01-06,80,weighted4,8101.6727
2015-01-06,81,weighted4,8086.5302
2015-01-06,82,weighted4,8086.0638
2015-01-06,83,weighted4,8032.0098
2015-01-06,84,weighted4,7922.9101
2015-01-06,85,weighted4,7810.7954
2015-01-06,86,weighted4,7681.2725
2015-01-06,87,weighted4,7495.4142
2015-01-06,88,weighted4,7299.5708
2015-01-06,89,weighted4,7102.5103
2015-01-06,90,weighted4,6884.1110
2015-01-06,91,weighted4,6619.5444
2015-01-06,92,weighted4,6337.4874
2015-01-06,93,weighted4,6060.6243
2015-01-06,94,weighted4,5824.0280
2015-01-06,95,weighted4,5606.8668
2015-01-07,0,weighted4,5411.8776
2015-01-07,1,weighted4,5303.6158
2015-01-07,2,weighted4,5210.6471
2015-01-07,3,weighted4,5160.4139
2015-01-07,4,weighted4,5091.8565
2015-01-07,5,weighted4,5046.7665
2015-01-07,6,weighted4,4992.1459
2015-01-07,7,weighted4,4954.0306
2015-01-07,8,weighted4,4912.9701
2015-01-07,9,weighted4,4882.5556
2015-01-07,10,weighted4,4846.2433
2015-01-07,11,weighted4,4819.3420
2015-01-07,12,weighted4,4769.3378
2015-01-07,13,weighted4,4755.3283
2015-01-07,14,weighted4,4730.5326
2015-01-07,15,weighted4,4717.4478
2015-01-07,16,weighted4,4689.5623
2015-01-07,17,weighted4,4670.0321
2015-01-07,18,weighted4,4660.6100
2015-01-07,19,weighted4,4652.0134
2015-01-07,20,weighted4,4642.0427
2015-01-07,21,weighted4,4649.7344
2015-01-07,22,weighted4,4665.8235
2015-01-07,23,weighted4,4692.1180
2015-01-07,24,weighted4,4747.6347
2015-01-07,25,weighted4,4818.2913
2015-01-07,26,weighted4,4911.6164
2015-01-07,27,weighted4,5037.9240
2015-01-07,28,weighted4,5193.5990
2015-01-07,29,weighted4,5461.2534
2015-01-07,30,weighted4,5643.5528
2015-01-07,31,weighted4,5932.8934
2015-01-07,32,weighted4,6653.1153
2015-01-07,33,weighted4,7569.9998
2015-01-07,34,weighted4,7864.1196
2015-01-07,35,weighted4,8074.4803
2015-01-07,36,weighted4,8167.4614
2015-01-07,37,weighted4,8272.4433
2015-01-07,38,weighted4,8323.8453
2015-01-07,39,weighted4,8392.5284
2015-01-07,40,weighted4,8435.3777
2015-01-07,41,weighted4,8468.0575
2015-01-07,42,weighted4,8529.7720
2015-01-07,43,weighted4,8536.8703
2015-01-07,44,weighted4,8510.2734
2015-01-07,45,weighted4,8498.4724
2015-01-07,46,weighted4,8333.9009
2015-01-07,47,weighted4,7939.2046
2015-01-07,48,weighted4,7034.6267
2015-01-07,49,weighted4,6300.9845
2015-01-07,50,weighted4,6244.2784
2015-01-07,51,weighted4,6225.0434
2015-01-07,52,weighted4,6249.0207
2015-01-07,53,weighted4,6432.9295
2015-01-07,54,weighted4,6910.2038
2015-01-07,55,weighted4,7627.9004
2015-01-07,56,weighted4,7777.2119
2015-01-07,57,weighted4,7919.0182
2015-01-07,58,weighted4,7957.6682
2015-01-07,59,weighted4,7968.6842
2015-01-07,60,weighted4,7985.4893
2015-01-07,61,weighted4,8013.4035
2015-01-07,62,weighted4,8053.5866
2015-01-07,63,weighted4,8111.0648
2015-01-07,64,weighted4,8146.6369
2015-01-07,65,weighted4,8198.5902
2015-01-07,66,weighted4,8210.9422
2015-01-07,67,weighted4,8205.6773
2015-01-07,68,weighted4,8060.5144
2015-01-07,69,weighted4,7918.9024
2015-01-07,70,weighted4,7445.9925
2015-01-07,71,weighted4,7084.6678
2015-01-07,72,weighted4,7127.5339
2015-01-07,73,weighted4,7318.3013
2015-01-07,74,weighted4,7468.0359
2015-01-07,75,weighted4,7630.3070
2015-01-07,76,weighted4,7624.2853
2015-01-07,77,weighted4,7604.7697
2015-01-07,78,weighted4,7537.7568
2015-01-07,79,weighted4,7463.3384
2015-01-07,80,weighted4,7343.9428
2015-01-07,81,weighted4,7319.8786
2015-01-07,82,weighted4,7316.6807
2015-01-07,83,weighted4,7263.7741
2015-01-07,84,weighted4,7177.7536
2015-01-07,85,weighted4,7099.2139
2015-01-07,86,weighted4,7006.4849
2015-01-07,87,weighted4,6874.2872
2015-01-07,88,weighted4,6747.2718
2015-01-07,89,weighted4,6600.0334
2015-01-07,90,weighted4,6422.4020
2015-01-07,91,weighted4,6212.0066
2015-01-07,92,weighted4,5986.3574
2015-01-07,93,weighted4,5734.9745
2015-01-07,94,weighted4,5516.0768
2015-01-07,95,weighted4,5300.9901
2015-01-08,0,weighted4,5119.3363
2015-01-08,1,weighted4,5016.6262
2015-01-08,2,weighted4,4931.8157
2015-01-08,3,weighted4,4865.5318
2015-01-08,4,weighted4,4786.3743
2015-01-08,5,weighted4,4713.7429
2015-01-08,6,weighted4,4669.0804
2015-01-08,7,weighted4,4606.8502
2015-01-08,8,weighted4,4563.5375
2015-01-08,9,weighted4,4512.5128
2015-01-08,10,weighted4,4473.9881
2015-01-08,11,weighted4,4435.1882
2015-01-08,12,weighted4,4386.3039
2015-01-08,13,weighted4,4344.8586
2015-01-08,14,weighted4,4316.0301
2015-01-08,15,weighted4,4305.5847
2015-01-08,16,weighted4,4274.9065
2015-01-08,17,weighted4,4251.7638
2015-01-08,18,weighted4,4225.7889
2015-01-08,19,weighted4,4206.1566
2015-01-08,20,weighted4,4184.7646
2015-01-08,21,weighted4,4192.9950
2015-01-08,22,weighted4,4197.2650
2015-01-08,23,weighted4,4220.4425
2015-01-08,24,weighted4,4227.4756
2015-01-08,25,weighted4,4280.7899
2015-01-08,26,weighted4,4314.9795
2015-01-08,27,weighted4,4387.0478
2015-01-08,28,weighted4,4486.2889
2015-01-08,29,weighted4,4661.0867
2015-01-08,30,weighted4,4755.9238
2015-01-08,31,weighted4,4949.2624
2015-01-08,32,weighted4,5376.6618
2015-01-08,33,weighted4,5988.5712
2015-01-08,34,weighted4,6194.1025
2015-01-08,35,weighted4,6358.3049
2015-01-08,36,weighted4,6439.3520
2015-01-08,37,weighted4,6536.2738
2015-01-08,38,weighted4,6588.4168
2015-01-08,39,weighted4,6670.2159
2015-01-08,40,weighted4,6695.6261
2015-01-08,41,weighted4,6741.4928
2015-01-08,42,weighted4,6790.7047
2015-01-08,43,weighted4,6826.3949
2015-01-08,44,weighted4,6829.6620
2015-01-08,45,weighted4,6837.2501
2015-01-08,46,weighted4,6730.7173
2015-01-08,47,weighted4,6470.6825
2015-01-08,48,weighted4,5829.3757
2015-01-08,49,weighted4,5351.6352
2015-01-08,50,weighted4,5289.5564
2015-01-08,51,weighted4,5243.0477
2015-01-08,52,weighted4,5260.3062
2015-01-08,53,weighted4,5325.7754
2015-01-08,54,weighted4,5629.3779
2015-01-08,55,weighted4,6117.7307
2015-01-08,56,weighted4,6184.2732
2015-01-08,57,weighted4,6291.7921
2015-01-08,58,weighted4,6308.7027
2015-01-08,59,weighted4,6298.4628
2015-01-08,60,weighted4,6326.4798
2015-01-08,61,weighted4,6354.6507
2015-01-08,62,weighted4,6399.6663
2015-01-08,63,weighted4,6451.2104
2015-01-08,64,weighted4,6535.9790
2015-01-08,65,weighted4,6590.4153
2015-01-08,66,weighted4,6649.5073
2015-01-08,67,weighted4,6663.2490
2015-01-08,68,weighted4,6626.2006
2015-01-08,69,weighted4,6609.6136
2015-01-08,70,weighted4,6370.3989
2015-01-08,71,weighted4,6197.9824
2015-01-08,72,weighted4,6265.8194
2015-01-08,73,weighted4,6462.7888
2015-01-08,74,weighted4,6582.9969
2015-01-08,75,weighted4,6727.6326
2015-01-08,76,weighted4,6716.9987
2015-01-08,77,weighted4,6726.2781
2015-01-08,78,weighted4,6688.8007
2015-01-08,79,weighted4,6619.7404
2015-01-08,80,weighted4,6549.5193
2015-01-08,81,weighted4,6559.8371
2015-01-08,82,weighted4,6571.1989
2015-01-08,83,weighted4,6523.0751
2015-01-08,84,weighted4,6462.1687
2015-01-08,85,weighted4,6408.4674
2015-01-08,86,weighted4,6342.0200
2015-01-08,87,weighted4,6203.7293
2015-01-08,88,weighted4,6056.6112
2015-01-08,89,weighted4,5919.1489
2015-01-08,90,weighted4,5733.0470
2015-01-08,91,weighted4,5541.6114
2015-01-08,92,weighted4,5319.8809
2015-01-08,93,weighted4,5091.3853
2015-01-08,94,weighted4,4895.4601
2015-01-08,95,weighted4,4708.6018
2015-01-09,0,weighted4,4562.4940
2015-01-09,1,weighted4,4462.6630
2015-01-09,2,weighted4,4370.4431
2015-01-09,3,weighted4,4306.8742
2015-01-09,4,weighted4,4240.2883
2015-01-09,5,weighted4,4181.1017
2015-01-09,6,weighted4,4135.0340
2015-01-09,7,weighted4,4103.4513
2015-01-09,8,weighted4,4053.2902
2015-01-09,9,weighted4,4019.9025
2015-01-09,10,weighted4,3980.6737
2015-01-09,11,weighted4,3963.9740
2015-01-09,12,weighted4,3922.7573
2015-01-09,13,weighted4,3907.2881
2015-01-09,14,weighted4,3893.0297
2015-01-09,15,weighted4,3873.1890
2015-01-09,16,weighted4,3854.5812
2015-01-09,17,weighted4,3839.7651
2015-01-09,18,weighted4,3827.1914
2015-01-09,19,weighted4,3822.4590
2015-01-09,20,weighted4,3828.6402
2015-01-09,21,weighted4,3846.6014
2015-01-09,22,weighted4,3860.1085
2015-01-09,23,weighted4,3902.3528
2015-01-09,24,weighted4,3948.3500
2015-01-09,25,weighted4,4038.8335
2015-01-09,26,weighted4,4116.0112
2015-01-09,27,weighted4,4232.9857
2015-01-09,28,weighted4,4397.1411
2015-01-09,29,weighted4,4665.2985
2015-01-09,30,weighted4,4909.7380
2015-01-09,31,weighted4,5254.8299
2015-01-09,32,weighted4,5976.8678
2015-01-09,33,weighted4,6900.8725
2015-01-09,34,weighted4,7201.4048
2015-01-09,35,weighted4,7434.8951
2015-01-09,36,weighted4,7539.5162
2015-01-09,37,weighted4,7663.9483
2015-01-09,38,weighted4,7750.5423
2015-01-09,39,weighted4,7848.9804
2015-01-09,40,weighted4,7903.3128
2015-01-09,41,weighted4,7949.4355
2015-01-09,42,weighted4,8005.1455
2015-01-09,43,weighted4,8038.0923
2015-01-09,44,weighted4,8033.9658
2015-01-09,45,weighted4,8034.1949
2015-01-09,46,weighted4,7895.9284
2015-01-09,47,weighted4,7573.3325
2015-01-09,48,weighted4,6712.4029
2015-01-09,49,weighted4,6084.1657
2015-01-09,50,weighted4,6006.7862
2015-01-09,51,weighted4,5961.0680
2015-01-09,52,weighted4,6013.7349
2015-01-09,53,weighted4,6154.0651
2015-01-09,54,weighted4,6601.4663
2015-01-09,55,weighted4,7253.8217
2015-01-09,56,weighted4,7389.7252
2015-01-09,57,weighted4,7526.6784
2015-01-09,58,weighted4,7548.4971
2015-01-09,59,weighted4,7572.6558
2015-01-09,60,weighted4,7588.4821
2015-01-09,61,weighted4,7620.4534
2015-01-09,62,weighted4,7678.9610
2015-01-09,63,weighted4,7731.0501
2015-01-09,64,weighted4,7793.7264
2015-01-09,65,weighted4,7864.3505
2015-01-09,66,weighted4,7909.2552
2015-01-09,67,weighted4,7920.6787
2015-01-09,68,weighted4,7852.7696
2015-01-09,69,weighted4,7759.8432
2015-01-09,70,weighted4,7371.8507
2015-01-09,71,weighted4,7085.0807
2015-01-09,72,weighted4,7151.3127
2015-01-09,73,weighted4,7331.6890
2015-01-09,74,weighted4,7522.5980
2015-01-09,75,weighted4,7739.1640
2015-01-09,76,weighted4,7738.5243
2015-01-09,77,weighted4,7768.2793
2015-01-09,78,weighted4,7714.1801
2015-01-09,79,weighted4,7649.7202
2015-01-09,80,weighted4,7539.9824
2015-01-09,81,weighted4,7537.1498
2015-01-09,82,weighted4,7547.5568
2015-01-09,83,weighted4,7507.8885
2015-01-09,84,weighted4,7406.8444
2015-01-09,85,weighted4,7312.3621
2015-01-09,86,weighted4,7218.3172
2015-01-09,87,weighted4,7072.4859
2015-01-09,88,weighted4,6904.5558
2015-01-09,89,weighted4,6739.4989
2015-01-09,90,weighted4,6541.9523
2015-01-09,91,weighted4,6312.7358
2015-01-09,92,weighted4,6073.3109
2015-01-09,93,weighted4,5805.5323
2015-01-09,94,weighted4,5552.7350
2015-01-09,95,weighted4,5327.3462
2015-01-10,0,weighted4,5160.4168
2015-01-10,1,weighted4,5054.5970
2015-01-10,2,weighted4,4970.4114
2015-01-10,3,weighted4,4915.0912
2015-01-10,4,weighted4,4845.7362
2015-01-10,5,weighted4,4781.8682
2015-01-10,6,weighted4,4735.6768
2015-01-10,7,weighted4,4687.1846
2015-01-10,8,weighted4,4646.8014
2015-01-10,9,weighted4,4616.6399
2015-01-10,10,weighted4,4576.5974
2015-01-10,11,weighted4,4549.4588
2015-01-10,12,weighted4,4508.1910
2015-01-10,13,weighted4,4479.8215
2015-01-10,14,weighted4,4446.4226
2015-01-10,15,weighted4,4444.9896
2015-01-10,16,weighted4,4410.9187
2015-01-10,17,weighted4,4390.6734
2015-01-10,18,weighted4,4371.2896
2015-01-10,19,weighted4,4349.6843
2015-01-10,20,weighted4,4352.0845
2015-01-10,21,weighted4,4365.6441
2015-01-10,22,weighted4,4376.0028
2015-01-10,23,weighted4,4406.0705
2015-01-10,24,weighted4,4435.4250
2015-01-10,25,weighted4,4498.7011
2015-01-10,26,weighted4,4547.1992
2015-01-10,27,weighted4,4639.7413
2015-01-10,28,weighted4,4774.3018
2015-01-10,29,weighted4,5060.4531
2015-01-10,30,weighted4,5276.0153
2015-01-10,31,weighted4,5605.7642
2015-01-10,32,weighted4,6372.7416
2015-01-10,33,weighted4,7267.6432
2015-01-10,34,weighted4,7588.7704
2015-01-10,35,weighted4,7803.1785
2015-01-10,36,weighted4,7899.5542
2015-01-10,37,weighted4,8012.5807
2015-01-10,38,weighted4,8101.3165
2015-01-10,39,weighted4,8186.6192
2015-01-10,40,weighted4,8245.4111
2015-01-10,41,weighted4,8300.2082
2015-01-10,42,weighted4,8357.1286
2015-01-10,43,weighted4,8376.3348
2015-01-10,44,weighted4,8377.1207
2015-01-10,45,weighted4,8375.3491
2015-01-10,46,weighted4,8213.6497
2015-01-10,47,weighted4,7864.6547
2015-01-10,48,weighted4,6953.2471
2015-01-10,49,weighted4,6262.9144
2015-01-10,50,weighted4,6203.2835
2015-01-10,51,weighted4,6166.2669
2015-01-10,52,weighted4,6206.3310
2015-01-10,53,weighted4,6358.9211
2015-01-10,54,weighted4,6841.9131
2015-01-10,55,weighted4,7524.4696
2015-01-10,56,weighted4,7663.8884
2015-01-10,57,weighted4,7814.7676
2015-01-10,58,weighted4,7861.6015
2015-01-10,59,weighted4,7859.9181
2015-01-10,60,weighted4,7878.6049
2015-01-10,61,weighted4,7911.9962
2015-01-10,62,weighted4,7952.1144
2015-01-10,63,weighted4,8010.8363
2015-01-10,64,weighted4,8071.8236
2015-01-10,65,weighted4,8121.4401
2015-01-10,66,weighted4,8168.5345
2015-01-10,67,weighted4,8159.6116
2015-01-10,68,weighted4,8051.2490
2015-01-10,69,weighted4,7933.8589
2015-01-10,70,weighted4,7490.5997
2015-01-10,71,weighted4,7159.3033
2015-01-10,72,weighted4,7193.3424
2015-01-10,73,weighted4,7355.1537
2015-01-10,74,weighted4,7489.1049
2015-01-10,75,weighted4,7653.8988
2015-01-10,76,weighted4,7640.2777
2015-01-10,77,weighted4,7646.5210
2015-01-10,78,weighted4,7571.7129
2015-01-10,79,weighted4,7496.4621
2015-01-10,80,weighted4,7381.1332
2015-01-10,81,weighted4,7376.8353
2015-01-10,82,weighted4,7385.5269
2015-01-10,83,weighted4,7344.5064
2015-01-10,84,weighted4,7266.6747
2015-01-10,85,weighted4,7182.4506
2015-01-10,86,weighted4,7095.2611
2015-01-10,87,weighted4,6958.0303
2015-01-10,88,weighted4,6812.4754
2015-01-10,89,weighted4,6666.6553
2015-01-10,90,weighted4,6510.8215
2015-01-10,91,weighted4,6303.0267
2015-01-10,92,weighted4,6069.8941
2015-01-10,93,weighted4,5816.6337
2015-01-10,94,weighted4,5603.0747
2015-01-10,95,weighted4,5383.8403
2015-01-04,0,hgb_fixed_lags,5425.7802
2015-01-04,1,hgb_fixed_lags,5353.3760
2015-01-04,2,hgb_fixed_lags,5165.5149
2015-01-04,3,hgb_fixed_lags,5103.3515
2015-01-04,4,hgb_fixed_lags,5023.3636
2015-01-04,5,hgb_fixed_lags,4940.7219
2015-01-04,6,hgb_fixed_lags,4877.5886
2015-01-04,7,hgb_fixed_lags,4796.0839
2015-01-04,8,hgb_fixed_lags,4761.9858
2015-01-04,9,hgb_fixed_lags,4671.6675
2015-01-04,10,hgb_fixed_lags,4671.6675
2015-01-04,11,hgb_fixed_lags,4629.8237
2015-01-04,12,hgb_fixed_lags,4566.6869
2015-01-04,13,hgb_fixed_lags,4556.5151
2015-01-04,14,hgb_fixed_lags,4548.8710
2015-01-04,15,hgb_fixed_lags,4548.8710
2015-01-04,16,hgb_fixed_lags,4510.7615
2015-01-04,17,hgb_fixed_lags,4510.7615
2015-01-04,18,hgb_fixed_lags,4510.7615
2015-01-04,19,hgb_fixed_lags,4482.1164
2015-01-04,20,hgb_fixed_lags,4482.1164
2015-01-04,21,hgb_fixed_lags,4482.1164
2015-01-04,22,hgb_fixed_lags,4482.1164
2015-01-04,23,hgb_fixed_lags,4482.1164
2015-01-04,24,hgb_fixed_lags,4482.1164
2015-01-04,25,hgb_fixed_lags,4510.7615
2015-01-04,26,hgb_fixed_lags,4519.3007
2015-01-04,27,hgb_fixed_lags,4576.5042
2015-01-04,28,hgb_fixed_lags,4598.3262
2015-01-04,29,hgb_fixed_lags,4715.2002
2015-01-04,30,hgb_fixed_lags,4774.9893
2015-01-04,31,hgb_fixed_lags,5100.5756
2015-01-04,32,hgb_fixed_lags,5639.2192
2015-01-04,33,hgb_fixed_lags,6194.6255
2015-01-04,34,hgb_fixed_lags,6424.6412
2015-01-04,35,hgb_fixed_lags,6619.4370
2015-01-04,36,hgb_fixed_lags,6828.4781
2015-01-04,37,hgb_fixed_lags,6988.6716
2015-01-04,38,hgb_fixed_lags,7056.3950
2015-01-04,39,hgb_fixed_lags,7205.2658
2015-01-04,40,hgb_fixed_lags,7209.7523
2015-01-04,41,hgb_fixed_lags,7264.8384
2015-01-04,42,hgb_fixed_lags,7275.6416
2015-01-04,43,hgb_fixed_lags,7275.0662
2015-01-04,44,hgb_fixed_lags,7284.8039
2015-01-04,45,hgb_fixed_lags,7322.1335
2015-01-04,46,hgb_fixed_lags,7304.7809
2015-01-04,47,hgb_fixed_lags,7073.4480
2015-01-04,48,hgb_fixed_lags,6281.2516
2015-01-04,49,hgb_fixed_lags,5768.9344
2015-01-04,50,hgb_fixed_lags,5754.4342
2015-01-04,51,hgb_fixed_lags,5794.8412
2015-01-04,52,hgb_fixed_lags,5758.9754
2015-01-04,53,hgb_fixed_lags,5808.0004
2015-01-04,54,hgb_fixed_lags,6044.3664
2015-01-04,55,hgb_fixed_lags,6617.6578
2015-01-04,56,hgb_fixed_lags,6707.9722
2015-01-04,57,hgb_fixed_lags,6801.5140
2015-01-04,58,hgb_fixed_lags,6813.2431
2015-01-04,59,hgb_fixed_lags,6813.2431
2015-01-04,60,hgb_fixed_lags,6936.6089
2015-01-04,61,hgb_fixed_lags,7049.2304
2015-01-04,62,hgb_fixed_lags,7061.3203
2015-01-04,63,hgb_fixed_lags,7060.6943
2015-01-04,64,hgb_fixed_lags,7092.7354
2015-01-04,65,hgb_fixed_lags,7162.3759
2015-01-04,66,hgb_fixed_lags,7187.8483
2015-01-04,67,hgb_fixed_lags,7226.6694
2015-01-04,68,hgb_fixed_lags,7161.6348
2015-01-04,69,hgb_fixed_lags,7077.0575
2015-01-04,70,hgb_fixed_lags,6710.4170
2015-01-04,71,hgb_fixed_lags,6488.2721
2015-01-04,72,hgb_fixed_lags,6561.8547
2015-01-04,73,hgb_fixed_lags,6591.1011
2015-01-04,74,hgb_fixed_lags,6693.2499
2015-01-04,75,hgb_fixed_lags,6688.9553
2015-01-04,76,hgb_fixed_lags,6628.6029
2015-01-04,77,hgb_fixed_lags,6628.6029
2015-01-04,78,hgb_fixed_lags,6596.2740
2015-01-04,79,hgb_fixed_lags,6497.2419
2015-01-04,80,hgb_fixed_lags,6413.5223
2015-01-04,81,hgb_fixed_lags,6374.8084
2015-01-04,82,hgb_fixed_lags,6400.2579
2015-01-04,83,hgb_fixed_lags,6399.2651
2015-01-04,84,hgb_fixed_lags,6399.2651
2015-01-04,85,hgb_fixed_lags,6373.8156
2015-01-04,86,hgb_fixed_lags,6273.4626
2015-01-04,87,hgb_fixed_lags,6214.6373
2015-01-04,88,hgb_fixed_lags,5965.9220
2015-01-04,89,hgb_fixed_lags,5965.9220
2015-01-04,90,hgb_fixed_lags,5860.7352
2015-01-04,91,hgb_fixed_lags,5747.6474
2015-01-04,92,hgb_fixed_lags,5529.7724
2015-01-04,93,hgb_fixed_lags,5369.3408
2015-01-04,94,hgb_fixed_lags,4993.2706
2015-01-04,95,hgb_fixed_lags,4913.3479
2015-01-05,0,hgb_fixed_lags,4909.3185
2015-01-05,1,hgb_fixed_lags,4838.7584
2015-01-05,2,hgb_fixed_lags,4773.3436
2015-01-05,3,hgb_fixed_lags,4617.2210
2015-01-05,4,hgb_fixed_lags,4593.8919
2015-01-05,5,hgb_fixed_lags,4541.0038
2015-01-05,6,hgb_fixed_lags,4493.2119
2015-01-05,7,hgb_fixed_lags,4454.5612
2015-01-05,8,hgb_fixed_lags,4435.7769
2015-01-05,9,hgb_fixed_lags,4322.9824
2015-01-05,10,hgb_fixed_lags,4322.9824
2015-01-05,11,hgb_fixed_lags,4169.5693
2015-01-05,12,hgb_fixed_lags,4157.4392
2015-01-05,13,hgb_fixed_lags,4147.2674
2015-01-05,14,hgb_fixed_lags,4147.2674
2015-01-05,15,hgb_fixed_lags,4104.3719
2015-01-05,16,hgb_fixed_lags,4129.5104
2015-01-05,17,hgb_fixed_lags,4129.5104
2015-01-05,18,hgb_fixed_lags,4111.2206
2015-01-05,19,hgb_fixed_lags,4101.9417
2015-01-05,20,hgb_fixed_lags,4103.9960
2015-01-05,21,hgb_fixed_lags,4127.4560
2015-01-05,22,hgb_fixed_lags,4102.3175
2015-01-05,23,hgb_fixed_lags,4145.2130
2015-01-05,24,hgb_fixed_lags,4169.9681
2015-01-05,25,hgb_fixed_lags,4293.6859
2015-01-05,26,hgb_fixed_lags,4373.9258
2015-01-05,27,hgb_fixed_lags,4527.4915
2015-01-05,28,hgb_fixed_lags,4657.9430
2015-01-05,29,hgb_fixed_lags,4950.2481
2015-01-05,30,hgb_fixed_lags,5274.5780
2015-01-05,31,hgb_fixed_lags,5716.3551
2015-01-05,32,hgb_fixed_lags,6417.9745
2015-01-05,33,hgb_fixed_lags,7745.9868
2015-01-05,34,hgb_fixed_lags,8020.5855
2015-01-05,35,hgb_fixed_lags,8164.9876
2015-01-05,36,hgb_fixed_lags,8346.9318
2015-01-05,37,hgb_fixed_lags,8381.1385
2015-01-05,38,hgb_fixed_lags,8501.0366
2015-01-05,39,hgb_fixed_lags,8482.5702
2015-01-05,40,hgb_fixed_lags,8535.2366
2015-01-05,41,hgb_fixed_lags,8433.9607
2015-01-05,42,hgb_fixed_lags,8415.3298
2015-01-05,43,hgb_fixed_lags,8399.6967
2015-01-05,44,hgb_fixed_lags,8394.4335
2015-01-05,45,hgb_fixed_lags,8394.4335
2015-01-05,46,hgb_fixed_lags,8482.5702
2015-01-05,47,hgb_fixed_lags,8285.7766
2015-01-05,48,hgb_fixed_lags,7501.1281
2015-01-05,49,hgb_fixed_lags,6409.6956
2015-01-05,50,hgb_fixed_lags,6358.7757
2015-01-05,51,hgb_fixed_lags,6358.7757
2015-01-05,52,hgb_fixed_lags,6358.7757
2015-01-05,53,hgb_fixed_lags,6563.1571
2015-01-05,54,hgb_fixed_lags,7365.3311
2015-01-05,55,hgb_fixed_lags,8029.6198
2015-01-05,56,hgb_fixed_lags,8183.6789
2015-01-05,57,hgb_fixed_lags,8279.5165
2015-01-05,58,hgb_fixed_lags,8354.5201
2015-01-05,59,hgb_fixed_lags,8354.5201
2015-01-05,60,hgb_fixed_lags,8356.4787
2015-01-05,61,hgb_fixed_lags,8385.9726
2015-01-05,62,hgb_fixed_lags,8450.7649
2015-01-05,63,hgb_fixed_lags,8491.9684
2015-01-05,64,hgb_fixed_lags,8484.1725
2015-01-05,65,hgb_fixed_lags,8453.3302
2015-01-05,66,hgb_fixed_lags,8423.2377
2015-01-05,67,hgb_fixed_lags,8423.2377
2015-01-05,68,hgb_fixed_lags,8480.1617
2015-01-05,69,hgb_fixed_lags,8450.4725
2015-01-05,70,hgb_fixed_lags,8004.6580
2015-01-05,71,hgb_fixed_lags,7743.5836
2015-01-05,72,hgb_fixed_lags,7753.3213
2015-01-05,73,hgb_fixed_lags,8019.6327
2015-01-05,74,hgb_fixed_lags,8132.0229
2015-01-05,75,hgb_fixed_lags,8321.7773
2015-01-05,76,hgb_fixed_lags,8328.5886
2015-01-05,77,hgb_fixed_lags,8333.1001
2015-01-05,78,hgb_fixed_lags,8271.4718
2015-01-05,79,hgb_fixed_lags,8250.5805
2015-01-05,80,hgb_fixed_lags,8132.0355
2015-01-05,81,hgb_fixed_lags,8151.7846
2015-01-05,82,hgb_fixed_lags,8132.0229
2015-01-05,83,hgb_fixed_lags,8148.5424
2015-01-05,84,hgb_fixed_lags,8061.2690
2015-01-05,85,hgb_fixed_lags,8030.5921
2015-01-05,86,hgb_fixed_lags,7939.9214
2015-01-05,87,hgb_fixed_lags,7753.3112
2015-01-05,88,hgb_fixed_lags,7642.3922
2015-01-05,89,hgb_fixed_lags,7343.2902
2015-01-05,90,hgb_fixed_lags,6968.1112
2015-01-05,91,hgb_fixed_lags,6563.5095
2015-01-05,92,hgb_fixed_lags,6235.2628
2015-01-05,93,hgb_fixed_lags,6009.2613
2015-01-05,94,hgb_fixed_lags,5894.2740
2015-01-05,95,hgb_fixed_lags,5667.6344
2015-01-06,0,hgb_fixed_lags,5697.2448
2015-01-06,1,hgb_fixed_lags,5319.2221
2015-01-06,2,hgb_fixed_lags,5256.5565
2015-01-06,3,hgb_fixed_lags,5104.6987
2015-01-06,4,hgb_fixed_lags,5092.8704
2015-01-06,5,hgb_fixed_lags,5043.3214
2015-01-06,6,hgb_fixed_lags,5023.6185
2015-01-06,7,hgb_fixed_lags,4991.6627
2015-01-06,8,hgb_fixed_lags,4899.9420
2015-01-06,9,hgb_fixed_lags,4895.1268
2015-01-06,10,hgb_fixed_lags,4877.9419
2015-01-06,11,hgb_fixed_lags,4758.8457
2015-01-06,12,hgb_fixed_lags,4698.4419
2015-01-06,13,hgb_fixed_lags,4692.7817
2015-01-06,14,hgb_fixed_lags,4654.6722
2015-01-06,15,hgb_fixed_lags,4654.6722
2015-01-06,16,hgb_fixed_lags,4626.0271
2015-01-06,17,hgb_fixed_lags,4626.0271
2015-01-06,18,hgb_fixed_lags,4626.0271
2015-01-06,19,hgb_fixed_lags,4626.0271
2015-01-06,20,hgb_fixed_lags,4601.7841
2015-01-06,21,hgb_fixed_lags,4601.7841
2015-01-06,22,hgb_fixed_lags,4626.0271
2015-01-06,23,hgb_fixed_lags,4654.6722
2015-01-06,24,hgb_fixed_lags,4654.6722
2015-01-06,25,hgb_fixed_lags,4782.7851
2015-01-06,26,hgb_fixed_lags,4842.0737
2015-01-06,27,hgb_fixed_lags,4918.7904
2015-01-06,28,hgb_fixed_lags,5062.2965
2015-01-06,29,hgb_fixed_lags,5685.0288
2015-01-06,30,hgb_fixed_lags,5689.5996
2015-01-06,31,hgb_fixed_lags,5941.1737
2015-01-06,32,hgb_fixed_lags,6605.4987
2015-01-06,33,hgb_fixed_lags,7809.4685
2015-01-06,34,hgb_fixed_lags,8129.9330
2015-01-06,35,hgb_fixed_lags,8383.8422
2015-01-06,36,hgb_fixed_lags,8252.6051
2015-01-06,37,hgb_fixed_lags,8297.8076
2015-01-06,38,hgb_fixed_lags,8298.5736
2015-01-06,39,hgb_fixed_lags,7978.6371
2015-01-06,40,hgb_fixed_lags,7943.2575
2015-01-06,41,hgb_fixed_lags,7943.2575
2015-01-06,42,hgb_fixed_lags,7881.2403
2015-01-06,43,hgb_fixed_lags,7881.2403
2015-01-06,44,hgb_fixed_lags,7881.2403
2015-01-06,45,hgb_fixed_lags,7857.2944
2015-01-06,46,hgb_fixed_lags,8268.9510
2015-01-06,47,hgb_fixed_lags,8323.4336
2015-01-06,48,hgb_fixed_lags,7265.1214
2015-01-06,49,hgb_fixed_lags,6304.5872
2015-01-06,50,hgb_fixed_lags,6291.6197
2015-01-06,51,hgb_fixed_lags,6371.9346
2015-01-06,52,hgb_fixed_lags,6369.0576
2015-01-06,53,hgb_fixed_lags,6592.3347
2015-01-06,54,hgb_fixed_lags,7260.7287
2015-01-06,55,hgb_fixed_lags,7950.9370
2015-01-06,56,hgb_fixed_lags,8161.8320
2015-01-06,57,hgb_fixed_lags,8212.8260
2015-01-06,58,hgb_fixed_lags,8142.1493
2015-01-06,59,hgb_fixed_lags,8073.6174
2015-01-06,60,hgb_fixed_lags,8065.7928
2015-01-06,61,hgb_fixed_lags,8211.5513
2015-01-06,62,hgb_fixed_lags,8254.3323
2015-01-06,63,hgb_fixed_lags,8251.3446
2015-01-06,64,hgb_fixed_lags,7907.7777
2015-01-06,65,hgb_fixed_lags,7807.0852
2015-01-06,66,hgb_fixed_lags,7853.2186
2015-01-06,67,hgb_fixed_lags,7876.4874
2015-01-06,68,hgb_fixed_lags,7930.3054
2015-01-06,69,hgb_fixed_lags,8206.1590
2015-01-06,70,hgb_fixed_lags,8068.5560
2015-01-06,71,hgb_fixed_lags,7670.0343
2015-01-06,72,hgb_fixed_lags,7714.2652
2015-01-06,73,hgb_fixed_lags,7889.8071
2015-01-06,74,hgb_fixed_lags,8149.4727
2015-01-06,75,hgb_fixed_lags,8262.8577
2015-01-06,76,hgb_fixed_lags,8201.3474
2015-01-06,77,hgb_fixed_lags,8189.8476
2015-01-06,78,hgb_fixed_lags,8231.3435
2015-01-06,79,hgb_fixed_lags,8247.0662
2015-01-06,80,hgb_fixed_lags,8163.6187
2015-01-06,81,hgb_fixed_lags,8163.6187
2015-01-06,82,hgb_fixed_lags,8149.4727
2015-01-06,83,hgb_fixed_lags,7996.8845
2015-01-06,84,hgb_fixed_lags,7988.1706
2015-01-06,85,hgb_fixed_lags,7930.5573
2015-01-06,86,hgb_fixed_lags,7876.3447
2015-01-06,87,hgb_fixed_lags,7660.1590
2015-01-06,88,hgb_fixed_lags,7361.7369
2015-01-06,89,hgb_fixed_lags,7167.3860
2015-01-06,90,hgb_fixed_lags,6853.4090
2015-01-06,91,hgb_fixed_lags,6323.3613
2015-01-06,92,hgb_fixed_lags,6248.8079
2015-01-06,93,hgb_fixed_lags,6050.6310
2015-01-06,94,hgb_fixed_lags,5874.2872
2015-01-06,95,hgb_fixed_lags,5975.1014
2015-01-07,0,hgb_fixed_lags,5703.7326
2015-01-07,1,hgb_fixed_lags,5337.6915
2015-01-07,2,hgb_fixed_lags,5142.2706
2015-01-07,3,hgb_fixed_lags,5070.5507
2015-01-07,4,hgb_fixed_lags,5036.5928
2015-01-07,5,hgb_fixed_lags,4985.5861
2015-01-07,6,hgb_fixed_lags,4963.6796
2015-01-07,7,hgb_fixed_lags,4893.6143
2015-01-07,8,hgb_fixed_lags,4830.8711
2015-01-07,9,hgb_fixed_lags,4820.6154
2015-01-07,10,hgb_fixed_lags,4828.4053
2015-01-07,11,hgb_fixed_lags,4782.4199
2015-01-07,12,hgb_fixed_lags,4726.8594
2015-01-07,13,hgb_fixed_lags,4716.6876
2015-01-07,14,hgb_fixed_lags,4648.4089
2015-01-07,15,hgb_fixed_lags,4648.4089
2015-01-07,16,hgb_fixed_lags,4569.7402
2015-01-07,17,hgb_fixed_lags,4569.7402
2015-01-07,18,hgb_fixed_lags,4569.7402
2015-01-07,19,hgb_fixed_lags,4569.7402
2015-01-07,20,hgb_fixed_lags,4569.7402
2015-01-07,21,hgb_fixed_lags,4569.7402
2015-01-07,22,hgb_fixed_lags,4572.2937
2015-01-07,23,hgb_fixed_lags,4572.2937
2015-01-07,24,hgb_fixed_lags,4691.8394
2015-01-07,25,hgb_fixed_lags,4763.8082
2015-01-07,26,hgb_fixed_lags,4784.4828
2015-01-07,27,hgb_fixed_lags,4859.4559
2015-01-07,28,hgb_fixed_lags,5220.0012
2015-01-07,29,hgb_fixed_lags,5938.8369
2015-01-07,30,hgb_fixed_lags,6126.7641
2015-01-07,31,hgb_fixed_lags,6270.6090
2015-01-07,32,hgb_fixed_lags,6584.4544
2015-01-07,33,hgb_fixed_lags,7596.0059
2015-01-07,34,hgb_fixed_lags,8241.4206
2015-01-07,35,hgb_fixed_lags,8220.5299
2015-01-07,36,hgb_fixed_lags,8214.0199
2015-01-07,37,hgb_fixed_lags,8399.1010
2015-01-07,38,hgb_fixed_lags,8071.0052
2015-01-07,39,hgb_fixed_lags,8089.5011
2015-01-07,40,hgb_fixed_lags,7966.3988
2015-01-07,41,hgb_fixed_lags,7990.3448
2015-01-07,42,hgb_fixed_lags,8043.4621
2015-01-07,43,hgb_fixed_lags,8043.4621
2015-01-07,44,hgb_fixed_lags,8043.4621
2015-01-07,45,hgb_fixed_lags,7990.3448
2015-01-07,46,hgb_fixed_lags,8038.0050
2015-01-07,47,hgb_fixed_lags,8197.9787
2015-01-07,48,hgb_fixed_lags,7302.8849
2015-01-07,49,hgb_fixed_lags,6533.1666
2015-01-07,50,hgb_fixed_lags,6419.1161
2015-01-07,51,hgb_fixed_lags,6401.6654
2015-01-07,52,hgb_fixed_lags,6419.1161
2015-01-07,53,hgb_fixed_lags,6686.4003
2015-01-07,54,hgb_fixed_lags,6912.8639
2015-01-07,55,hgb_fixed_lags,7693.6642
2015-01-07,56,hgb_fixed_lags,7674.2290
2015-01-07,57,hgb_fixed_lags,7678.9397
2015-01-07,58,hgb_fixed_lags,7816.3982
2015-01-07,59,hgb_fixed_lags,7823.3916
2015-01-07,60,hgb_fixed_lags,7801.0953
2015-01-07,61,hgb_fixed_lags,7888.2961
2015-01-07,62,hgb_fixed_lags,7842.7457
2015-01-07,63,hgb_fixed_lags,8077.5164
2015-01-07,64,hgb_fixed_lags,8009.5340
2015-01-07,65,hgb_fixed_lags,8028.3201
2015-01-07,66,hgb_fixed_lags,8024.4475
2015-01-07,67,hgb_fixed_lags,8024.4475
2015-01-07,68,hgb_fixed_lags,7471.0034
2015-01-07,69,hgb_fixed_lags,6992.4861
2015-01-07,70,hgb_fixed_lags,7419.7375
2015-01-07,71,hgb_fixed_lags,7117.1578
2015-01-07,72,hgb_fixed_lags,7053.0234
2015-01-07,73,hgb_fixed_lags,7234.3408
2015-01-07,74,hgb_fixed_lags,7585.6638
2015-01-07,75,hgb_fixed_lags,7732.7758
2015-01-07,76,hgb_fixed_lags,7656.8806
2015-01-07,77,hgb_fixed_lags,7562.0741
2015-01-07,78,hgb_fixed_lags,7655.1327
2015-01-07,79,hgb_fixed_lags,8131.9124
2015-01-07,80,hgb_fixed_lags,8143.2732
2015-01-07,81,hgb_fixed_lags,8143.2732
2015-01-07,82,hgb_fixed_lags,8278.2992
2015-01-07,83,hgb_fixed_lags,8278.8498
2015-01-07,84,hgb_fixed_lags,7391.1648
2015-01-07,85,hgb_fixed_lags,7257.9480
2015-01-07,86,hgb_fixed_lags,6923.4077
2015-01-07,87,hgb_fixed_lags,7276.9239
2015-01-07,88,hgb_fixed_lags,7346.1231
2015-01-07,89,hgb_fixed_lags,7046.1476
2015-01-07,90,hgb_fixed_lags,6981.8133
2015-01-07,91,hgb_fixed_lags,6872.3998
2015-01-07,92,hgb_fixed_lags,6623.8032
2015-01-07,93,hgb_fixed_lags,6612.5954
2015-01-07,94,hgb_fixed_lags,6468.9208
2015-01-07,95,hgb_fixed_lags,6216.4746
2015-01-08,0,hgb_fixed_lags,5812.4258
2015-01-08,1,hgb_fixed_lags,5663.8453
2015-01-08,2,hgb_fixed_lags,5239.6985
2015-01-08,3,hgb_fixed_lags,5070.7571
2015-01-08,4,hgb_fixed_lags,5071.5027
2015-01-08,5,hgb_fixed_lags,4927.6854
2015-01-08,6,hgb_fixed_lags,4881.6347
2015-01-08,7,hgb_fixed_lags,4797.4350
2015-01-08,8,hgb_fixed_lags,4743.7963
2015-01-08,9,hgb_fixed_lags,4724.5649
2015-01-08,10,hgb_fixed_lags,4723.0822
2015-01-08,11,hgb_fixed_lags,4625.7590
2015-01-08,12,hgb_fixed_lags,4543.3900
2015-01-08,13,hgb_fixed_lags,4533.2182
2015-01-08,14,hgb_fixed_lags,4533.2182
2015-01-08,15,hgb_fixed_lags,4539.8348
2015-01-08,16,hgb_fixed_lags,4539.8348
2015-01-08,17,hgb_fixed_lags,4539.8348
2015-01-08,18,hgb_fixed_lags,4549.9903
2015-01-08,19,hgb_fixed_lags,4549.9903
2015-01-08,20,hgb_fixed_lags,4549.9903
2015-01-08,21,hgb_fixed_lags,4549.9903
2015-01-08,22,hgb_fixed_lags,4549.9903
2015-01-08,23,hgb_fixed_lags,4602.6170
2015-01-08,24,hgb_fixed_lags,4595.0961
2015-01-08,25,hgb_fixed_lags,4628.9105
2015-01-08,26,hgb_fixed_lags,4760.1806
2015-01-08,27,hgb_fixed_lags,4907.9468
2015-01-08,28,hgb_fixed_lags,5124.8858
2015-01-08,29,hgb_fixed_lags,5686.1040
2015-01-08,30,hgb_fixed_lags,5944.9086
2015-01-08,31,hgb_fixed_lags,6215.5957
2015-01-08,32,hgb_fixed_lags,6452.1188
2015-01-08,33,hgb_fixed_lags,8268.0023
2015-01-08,34,hgb_fixed_lags,8358.7268
2015-01-08,35,hgb_fixed_lags,8210.8945
2015-01-08,36,hgb_fixed_lags,8357.5568
2015-01-08,37,hgb_fixed_lags,8163.6248
2015-01-08,38,hgb_fixed_lags,8119.9221
2015-01-08,39,hgb_fixed_lags,8140.0334
2015-01-08,40,hgb_fixed_lags,8140.0334
2015-01-08,41,hgb_fixed_lags,7952.8598
2015-01-08,42,hgb_fixed_lags,7938.0111
2015-01-08,43,hgb_fixed_lags,7932.6560
2015-01-08,44,hgb_fixed_lags,7932.6560
2015-01-08,45,hgb_fixed_lags,7932.6560
2015-01-08,46,hgb_fixed_lags,8091.1682
2015-01-08,47,hgb_fixed_lags,8243.6595
2015-01-08,48,hgb_fixed_lags,7285.0168
2015-01-08,49,hgb_fixed_lags,6760.4806
2015-01-08,50,hgb_fixed_lags,6711.7583
2015-01-08,51,hgb_fixed_lags,6654.5095
2015-01-08,52,hgb_fixed_lags,6649.5279
2015-01-08,53,hgb_fixed_lags,6727.3641
2015-01-08,54,hgb_fixed_lags,7324.9911
2015-01-08,55,hgb_fixed_lags,8398.7770
2015-01-08,56,hgb_fixed_lags,8381.3252
2015-01-08,57,hgb_fixed_lags,8282.7466
2015-01-08,58,hgb_fixed_lags,8233.4929
2015-01-08,59,hgb_fixed_lags,8214.8112
2015-01-08,60,hgb_fixed_lags,8308.0179
2015-01-08,61,hgb_fixed_lags,8341.5081
2015-01-08,62,hgb_fixed_lags,8314.4190
2015-01-08,63,hgb_fixed_lags,8107.0698
2015-01-08,64,hgb_fixed_lags,8227.8735
2015-01-08,65,hgb_fixed_lags,8127.1811
2015-01-08,66,hgb_fixed_lags,8151.1270
2015-01-08,67,hgb_fixed_lags,8127.1811
2015-01-08,68,hgb_fixed_lags,8102.5653
2015-01-08,69,hgb_fixed_lags,8072.8190
2015-01-08,70,hgb_fixed_lags,8343.8195
2015-01-08,71,hgb_fixed_lags,8389.1469
2015-01-08,72,hgb_fixed_lags,8356.3842
2015-01-08,73,hgb_fixed_lags,8304.2073
2015-01-08,74,hgb_fixed_lags,8240.4527
2015-01-08,75,hgb_fixed_lags,8122.0752
2015-01-08,76,hgb_fixed_lags,8122.0752
2015-01-08,77,hgb_fixed_lags,8122.0752
2015-01-08,78,hgb_fixed_lags,8118.7919
2015-01-08,79,hgb_fixed_lags,8121.0516
2015-01-08,80,hgb_fixed_lags,8318.6890
2015-01-08,81,hgb_fixed_lags,8326.8196
2015-01-08,82,hgb_fixed_lags,8326.8196
2015-01-08,83,hgb_fixed_lags,8335.1481
2015-01-08,84,hgb_fixed_lags,8303.2145
2015-01-08,85,hgb_fixed_lags,8280.4248
2015-01-08,86,hgb_fixed_lags,8265.6413
2015-01-08,87,hgb_fixed_lags,8006.7325
2015-01-08,88,hgb_fixed_lags,7608.1493
2015-01-08,89,hgb_fixed_lags,7309.0208
2015-01-08,90,hgb_fixed_lags,6931.0869
2015-01-08,91,hgb_fixed_lags,6768.1249
2015-01-08,92,hgb_fixed_lags,6497.4030
2015-01-08,93,hgb_fixed_lags,6391.5975
2015-01-08,94,hgb_fixed_lags,6270.7997
2015-01-08,95,hgb_fixed_lags,6004.2743
2015-01-09,0,hgb_fixed_lags,5669.4800
2015-01-09,1,hgb_fixed_lags,5669.4800
2015-01-09,2,hgb_fixed_lags,5398.2662
2015-01-09,3,hgb_fixed_lags,5227.2937
2015-01-09,4,hgb_fixed_lags,5152.6814
2015-01-09,5,hgb_fixed_lags,5059.6190
2015-01-09,6,hgb_fixed_lags,4953.4113
2015-01-09,7,hgb_fixed_lags,4906.1519
2015-01-09,8,hgb_fixed_lags,4852.5131
2015-01-09,9,hgb_fixed_lags,4833.2817
2015-01-09,10,hgb_fixed_lags,4747.7662
2015-01-09,11,hgb_fixed_lags,4672.8072
2015-01-09,12,hgb_fixed_lags,4601.5079
2015-01-09,13,hgb_fixed_lags,4536.2588
2015-01-09,14,hgb_fixed_lags,4536.2588
2015-01-09,15,hgb_fixed_lags,4536.2588
2015-01-09,16,hgb_fixed_lags,4536.2588
2015-01-09,17,hgb_fixed_lags,4536.2588
2015-01-09,18,hgb_fixed_lags,4536.2588
2015-01-09,19,hgb_fixed_lags,4536.2588
2015-01-09,20,hgb_fixed_lags,4536.2588
2015-01-09,21,hgb_fixed_lags,4536.2588
2015-01-09,22,hgb_fixed_lags,4536.2588
2015-01-09,23,hgb_fixed_lags,4536.2588
2015-01-09,24,hgb_fixed_lags,4536.2588
2015-01-09,25,hgb_fixed_lags,4620.3188
2015-01-09,26,hgb_fixed_lags,4767.2422
2015-01-09,27,hgb_fixed_lags,4871.9986
2015-01-09,28,hgb_fixed_lags,5130.9893
2015-01-09,29,hgb_fixed_lags,5678.1149
2015-01-09,30,hgb_fixed_lags,5765.3905
2015-01-09,31,hgb_fixed_lags,6088.3104
2015-01-09,32,hgb_fixed_lags,6477.5377
2015-01-09,33,hgb_fixed_lags,7570.1064
2015-01-09,34,hgb_fixed_lags,8355.7276
2015-01-09,35,hgb_fixed_lags,8079.3854
2015-01-09,36,hgb_fixed_lags,7861.2276
2015-01-09,37,hgb_fixed_lags,7299.0464
2015-01-09,38,hgb_fixed_lags,6830.4855
2015-01-09,39,hgb_fixed_lags,6864.8784
2015-01-09,40,hgb_fixed_lags,6711.6816
2015-01-09,41,hgb_fixed_lags,6743.5554
2015-01-09,42,hgb_fixed_lags,6533.2866
2015-01-09,43,hgb_fixed_lags,6411.6486
2015-01-09,44,hgb_fixed_lags,6411.6486
2015-01-09,45,hgb_fixed_lags,6585.1238
2015-01-09,46,hgb_fixed_lags,6841.8548
2015-01-09,47,hgb_fixed_lags,7632.3160
2015-01-09,48,hgb_fixed_lags,6939.0855
2015-01-09,49,hgb_fixed_lags,6826.0200
2015-01-09,50,hgb_fixed_lags,6648.2217
2015-01-09,51,hgb_fixed_lags,6626.0599
2015-01-09,52,hgb_fixed_lags,6776.6436
2015-01-09,53,hgb_fixed_lags,6897.2217
2015-01-09,54,hgb_fixed_lags,7124.6695
2015-01-09,55,hgb_fixed_lags,8264.0267
2015-01-09,56,hgb_fixed_lags,8432.0279
2015-01-09,57,hgb_fixed_lags,7837.6621
2015-01-09,58,hgb_fixed_lags,7657.3002
2015-01-09,59,hgb_fixed_lags,7391.9047
2015-01-09,60,hgb_fixed_lags,7280.9195
2015-01-09,61,hgb_fixed_lags,7280.9195
2015-01-09,62,hgb_fixed_lags,7245.2863
2015-01-09,63,hgb_fixed_lags,6915.9434
2015-01-09,64,hgb_fixed_lags,6915.9434
2015-01-09,65,hgb_fixed_lags,6696.4471
2015-01-09,66,hgb_fixed_lags,6692.0496
2015-01-09,67,hgb_fixed_lags,6692.0496
2015-01-09,68,hgb_fixed_lags,6911.0223
2015-01-09,69,hgb_fixed_lags,7480.7833
2015-01-09,70,hgb_fixed_lags,7522.3139
2015-01-09,71,hgb_fixed_lags,6883.5880
2015-01-09,72,hgb_fixed_lags,6973.0200
2015-01-09,73,hgb_fixed_lags,7281.0009
2015-01-09,74,hgb_fixed_lags,7431.5292
2015-01-09,75,hgb_fixed_lags,7266.5072
2015-01-09,76,hgb_fixed_lags,7217.2535
2015-01-09,77,hgb_fixed_lags,7249.9983
2015-01-09,78,hgb_fixed_lags,7355.6410
2015-01-09,79,hgb_fixed_lags,7580.0129
2015-01-09,80,hgb_fixed_lags,7605.1739
2015-01-09,81,hgb_fixed_lags,7424.7926
2015-01-09,82,hgb_fixed_lags,7598.4373
2015-01-09,83,hgb_fixed_lags,7423.7999
2015-01-09,84,hgb_fixed_lags,7567.7998
2015-01-09,85,hgb_fixed_lags,7030.8474
2015-01-09,86,hgb_fixed_lags,7044.3983
2015-01-09,87,hgb_fixed_lags,7191.0488
2015-01-09,88,hgb_fixed_lags,7063.6609
2015-01-09,89,hgb_fixed_lags,6944.9642
2015-01-09,90,hgb_fixed_lags,6864.7944
2015-01-09,91,hgb_fixed_lags,6886.0358
2015-01-09,92,hgb_fixed_lags,6897.1433
2015-01-09,93,hgb_fixed_lags,6557.0610
2015-01-09,94,hgb_fixed_lags,6466.4694
2015-01-09,95,hgb_fixed_lags,6151.4889
2015-01-10,0,hgb_fixed_lags,5746.3513
2015-01-10,1,hgb_fixed_lags,5490.0014
2015-01-10,2,hgb_fixed_lags,5186.4503
2015-01-10,3,hgb_fixed_lags,4949.9223
2015-01-10,4,hgb_fixed_lags,4849.3824
2015-01-10,5,hgb_fixed_lags,4782.5710
2015-01-10,6,hgb_fixed_lags,4779.4047
2015-01-10,7,hgb_fixed_lags,4732.1452
2015-01-10,8,hgb_fixed_lags,4668.9075
2015-01-10,9,hgb_fixed_lags,4677.1287
2015-01-10,10,hgb_fixed_lags,4547.1661
2015-01-10,11,hgb_fixed_lags,4487.3837
2015-01-10,12,hgb_fixed_lags,4475.2536
2015-01-10,13,hgb_fixed_lags,4422.9833
2015-01-10,14,hgb_fixed_lags,4379.5528
2015-01-10,15,hgb_fixed_lags,4379.5528
2015-01-10,16,hgb_fixed_lags,4379.5528
2015-01-10,17,hgb_fixed_lags,4379.5528
2015-01-10,18,hgb_fixed_lags,4320.0004
2015-01-10,19,hgb_fixed_lags,4317.4470
2015-01-10,20,hgb_fixed_lags,4317.4470
2015-01-10,21,hgb_fixed_lags,4317.4470
2015-01-10,22,hgb_fixed_lags,4317.4470
2015-01-10,23,hgb_fixed_lags,4317.4470
2015-01-10,24,hgb_fixed_lags,4379.5528
2015-01-10,25,hgb_fixed_lags,4421.6513
2015-01-10,26,hgb_fixed_lags,4504.5013
2015-01-10,27,hgb_fixed_lags,4606.9893
2015-01-10,28,hgb_fixed_lags,4683.9944
2015-01-10,29,hgb_fixed_lags,5287.4668
2015-01-10,30,hgb_fixed_lags,5714.7070
2015-01-10,31,hgb_fixed_lags,6165.3169
2015-01-10,32,hgb_fixed_lags,6290.1032
2015-01-10,33,hgb_fixed_lags,7184.3968
2015-01-10,34,hgb_fixed_lags,7360.4884
2015-01-10,35,hgb_fixed_lags,7952.0662
2015-01-10,36,hgb_fixed_lags,8020.5303
2015-01-10,37,hgb_fixed_lags,8078.0252
2015-01-10,38,hgb_fixed_lags,8012.7973
2015-01-10,39,hgb_fixed_lags,8008.9107
2015-01-10,40,hgb_fixed_lags,8026.0513
2015-01-10,41,hgb_fixed_lags,8193.9222
2015-01-10,42,hgb_fixed_lags,8177.5668
2015-01-10,43,hgb_fixed_lags,7860.6200
2015-01-10,44,hgb_fixed_lags,8177.5668
2015-01-10,45,hgb_fixed_lags,8177.5668
2015-01-10,46,hgb_fixed_lags,7939.8603
2015-01-10,47,hgb_fixed_lags,7680.0063
2015-01-10,48,hgb_fixed_lags,6688.2252
2015-01-10,49,hgb_fixed_lags,6139.8076
2015-01-10,50,hgb_fixed_lags,6264.6148
2015-01-10,51,hgb_fixed_lags,6149.3193
2015-01-10,52,hgb_fixed_lags,6222.7789
2015-01-10,53,hgb_fixed_lags,6174.9883
2015-01-10,54,hgb_fixed_lags,6594.4969
2015-01-10,55,hgb_fixed_lags,7238.3835
2015-01-10,56,hgb_fixed_lags,7404.3952
2015-01-10,57,hgb_fixed_lags,7672.8096
2015-01-10,58,hgb_fixed_lags,7890.2671
2015-01-10,59,hgb_fixed_lags,7672.8096
2015-01-10,60,hgb_fixed_lags,7680.0063
2015-01-10,61,hgb_fixed_lags,7739.6153
2015-01-10,62,hgb_fixed_lags,7759.3382
2015-01-10,63,hgb_fixed_lags,7830.9398
2015-01-10,64,hgb_fixed_lags,7752.7382
2015-01-10,65,hgb_fixed_lags,7636.5566
2015-01-10,66,hgb_fixed_lags,7724.0621
2015-01-10,67,hgb_fixed_lags,7709.5048
2015-01-10,68,hgb_fixed_lags,7673.7105
2015-01-10,69,hgb_fixed_lags,7705.2495
2015-01-10,70,hgb_fixed_lags,7486.4715
2015-01-10,71,hgb_fixed_lags,7015.9079
2015-01-10,72,hgb_fixed_lags,7015.9079
2015-01-10,73,hgb_fixed_lags,7185.1695
2015-01-10,74,hgb_fixed_lags,7547.7961
2015-01-10,75,hgb_fixed_lags,7666.1184
2015-01-10,76,hgb_fixed_lags,7656.2419
2015-01-10,77,hgb_fixed_lags,7692.9788
2015-01-10,78,hgb_fixed_lags,7677.0595
2015-01-10,79,hgb_fixed_lags,7593.7112
2015-01-10,80,hgb_fixed_lags,7453.9334
2015-01-10,81,hgb_fixed_lags,7415.2196
2015-01-10,82,hgb_fixed_lags,7399.6410
2015-01-10,83,hgb_fixed_lags,7414.1548
2015-01-10,84,hgb_fixed_lags,7236.1500
2015-01-10,85,hgb_fixed_lags,7049.8935
2015-01-10,86,hgb_fixed_lags,6947.6539
2015-01-10,87,hgb_fixed_lags,6708.6878
2015-01-10,88,hgb_fixed_lags,6709.4782
2015-01-10,89,hgb_fixed_lags,6414.1188
2015-01-10,90,hgb_fixed_lags,6300.8885
2015-01-10,91,hgb_fixed_lags,6163.3560
2015-01-10,92,hgb_fixed_lags,6102.6031
2015-01-10,93,hgb_fixed_lags,6086.0630
2015-01-10,94,hgb_fixed_lags,6124.8339
2015-01-10,95,hgb_fixed_lags,5588.8166
